municipio_oj,Meta1,Meta2A,Meta2Ant,Meta4A,Meta4B
BRASILÉIA,133.3333,142.0722,0.0,0.0,0.0
CRUZEIRO DO SUL,100.0,139.1304,0.0,0.0,0.0
FEIJO,0.0,142.8571,0.0,0.0,0.0
RIO BRANCO,80.6452,141.035,0.0,0.0,33.3333
SENA MADUREIRA,300.0,142.8571,0.0,0.0,0.0
SENADOR GUIOMARD,0.0,142.8571,0.0,0.0,0.0
TARAUACA,7.1429,140.4358,0.0,0.0,0.0
XAPURI,0.0,142.8571,0.0,0.0,0.0
ARAPIRACA,0.0,128.0788,0.0,0.0,0.0
ATALAIA,0.0,133.8028,0.0,0.0,0.0
BATALHA,0.0,142.8571,0.0,0.0,0.0
BOCA DA MATA,37.5,126.0974,0.0,0.0,0.0
CACIMBINHAS,4.5455,133.4586,0.0,0.0,0.0
CAMPO ALEGRE,25.0,129.8701,0.0,0.0,0.0
CORURIPE,0.0,137.4046,0.0,0.0,0.0
DELMIRO GOUVEIA,0.0,138.0145,0.0,0.0,0.0
GIRAU DO PONCIANO,0.0,142.8571,0.0,0.0,0.0
IGACI,0.0,140.4151,0.0,0.0,0.0
JOAQUIM GOMES,0.0,141.8919,0.0,0.0,0.0
MACEIO,53.2258,113.1051,0.0,0.0,6.8966
MAJOR ISIDORO,0.0,141.0488,0.0,0.0,0.0
MARAVILHA,9.0909,135.9346,0.0,0.0,0.0
MARECHAL DEODORO,0.0,142.8571,0.0,0.0,0.0
MATA GRANDE,0.0,141.0256,0.0,0.0,0.0
MURICI,5.0,140.0832,0.0,0.0,0.0
PALMEIRA DOS INDIOS,0.0,141.8853,0.0,0.0,0.0
PAO DE ACUCAR,50.0,142.8571,0.0,0.0,0.0
PASSO DE CAMARAGIBE,4.1667,136.4725,0.0,0.0,0.0
PENEDO,36.3636,124.7485,0.0,0.0,0.0
PILAR,14.2857,128.3372,0.0,0.0,0.0
PORTO CALVO,0.0,142.8571,0.0,0.0,0.0
PORTO REAL DO COLEGIO,9.6774,131.952,0.0,0.0,0.0
QUEBRANGULO,0.0,142.8571,0.0,0.0,0.0
RIO LARGO,0.0,142.8571,0.0,0.0,0.0
SANTANA DO IPANEMA,0.0,128.5714,0.0,0.0,0.0
SAO JOSE DA LAJE,0.0,142.8571,0.0,0.0,0.0
SAO JOSE DA TAPERA,0.0,137.6623,0.0,0.0,0.0
SAO LUIS DO QUITUNDE,68.4211,130.9026,0.0,0.0,0.0
SAO MIGUEL DOS CAMPOS,100.0,141.7497,0.0,0.0,50.0
SAO SEBASTIAO,20.0,141.4093,0.0,0.0,0.0
TEOTONIO VILELA,0.0,141.3613,0.0,0.0,0.0
TRAIPU,0.0,142.8571,0.0,0.0,0.0
UNIAO DOS PALMARES,4.7619,137.594,0.0,0.0,0.0
VICOSA,41.5094,130.5242,0.0,0.0,0.0
ÁGUA BRANCA,57.1429,142.8571,0.0,0.0,0.0
ALVARAES,63.6364,142.1356,0.0,0.0,0.0
ANORI,14.2857,142.8571,0.0,0.0,0.0
APUI,0.0,140.6074,0.0,0.0,0.0
ATALAIA DO NORTE,40.0,141.4427,0.0,0.0,0.0
AUTAZES,41.3793,140.9897,0.0,0.0,66.6667
BARCELOS,0.0,127.4725,0.0,0.0,0.0
BARREIRINHA,43.75,142.8571,0.0,0.0,0.0
BENJAMIN CONSTANT,15.3846,142.8571,0.0,0.0,0.0
BERURI,0.0,142.8571,0.0,0.0,0.0
BOCA DO ACRE,0.0,130.9524,0.0,0.0,0.0
BORBA,50.0,38.961,0.0,0.0,28.5714
CANUTAMA,0.0,142.8571,0.0,0.0,0.0
CARAUARI,50.0,142.8571,0.0,0.0,0.0
CAREIRO,51.8519,141.7352,0.0,0.0,0.0
COARI,0.0,140.4629,0.0,0.0,0.0
CODAJAS,20.0,126.9841,0.0,0.0,0.0
EIRUNEPE,20.0,138.9072,0.0,0.0,20.0
ENVIRA,133.3333,140.2359,0.0,0.0,0.0
FONTE BOA,75.0,140.625,0.0,0.0,100.0
HUMAITA,61.5385,140.2479,0.0,0.0,0.0
IPIXUNA,25.0,140.2831,0.0,0.0,0.0
IRANDUBA,23.5294,142.2619,0.0,0.0,0.0
ITACOATIARA,88.8889,140.0376,0.0,0.0,12.5
ITAMARATI,0.0,142.8571,0.0,0.0,0.0
ITAPIRANGA,10.0,142.8571,0.0,0.0,0.0
JAPURA,0.0,142.8571,0.0,0.0,0.0
JURUA,66.6667,142.8571,0.0,0.0,0.0
JUTAI,0.0,140.8016,0.0,0.0,0.0
LABREA,0.0,139.0306,0.0,0.0,0.0
MANACAPURU,100.0,142.3611,0.0,0.0,0.0
MANAUS,73.2394,137.7667,0.0,0.0,11.4943
MANICORE,0.0,136.8209,0.0,0.0,0.0
MARAÃ,0.0,142.8571,0.0,0.0,0.0
MAUES,72.2222,141.6732,0.0,0.0,25.0
NHAMUNDA,18.1818,139.4009,0.0,0.0,0.0
NOVO AIRAO,20.0,142.8571,0.0,0.0,0.0
NOVO ARIPUANA,33.3333,141.1565,0.0,0.0,0.0
PARINTINS,66.6667,134.4086,0.0,0.0,0.0
PAUINI,0.0,142.8571,0.0,0.0,0.0
PRESIDENTE FIGUEIREDO,100.0,139.7026,0.0,0.0,0.0
SANTA ISABEL DO RIO NEGRO,150.0,139.5349,0.0,0.0,0.0
SANTO ANTONIO DO ICA,14.2857,142.0932,0.0,0.0,0.0
SAO GABRIEL DA CACHOEIRA,125.0,142.8571,0.0,0.0,0.0
SAO PAULO DE OLIVENCA,46.1538,141.2698,0.0,0.0,0.0
TABATINGA,181.25,141.3534,0.0,0.0,0.0
TAPAUÁ,33.3333,141.5094,0.0,0.0,0.0
TEFÉ,77.7778,141.261,0.0,0.0,0.0
URUCARA,35.7143,142.2136,0.0,0.0,0.0
AMAPÁ,0.0,142.1393,0.0,0.0,0.0
LARANJAL DO JARI,0.0,142.8571,0.0,0.0,0.0
MACAPA,46.875,142.1973,0.0,0.0,20.0
MAZAGAO,100.0,142.8571,0.0,0.0,0.0
OIAPOQUE,0.0,142.8571,0.0,0.0,0.0
PORTO GRANDE,0.0,142.1013,0.0,0.0,0.0
SANTANA,150.0,142.8571,0.0,0.0,0.0
SERRA DO NAVIO,0.0,140.9002,0.0,0.0,0.0
TARTARUGALZINHO,0.0,142.8571,0.0,0.0,0.0
ALAGOINHAS,0.0,142.8571,0.0,0.0,0.0
AMARGOSA,0.0,142.8571,0.0,0.0,0.0
ANAGE,0.0,140.2597,0.0,0.0,0.0
ANDARAI,0.0,142.8571,0.0,0.0,0.0
ARACI,0.0,139.8337,0.0,0.0,0.0
BAIANÓPOLIS,200.0,141.9698,0.0,0.0,0.0
BARRA DA ESTIVA,0.0,142.8571,0.0,0.0,0.0
BARRA DO CHOCA,0.0,142.8571,0.0,0.0,0.0
BARRA DO MENDES,0.0,142.8571,0.0,0.0,0.0
BARREIRAS,0.0,141.783,0.0,0.0,0.0
BELMONTE,100.0,142.8571,0.0,0.0,0.0
BOM JESUS DA LAPA,0.0,142.2333,0.0,0.0,0.0
BRUMADO,0.0,138.8571,0.0,0.0,0.0
BUERAREMA,0.0,142.8571,0.0,0.0,0.0
CACHOEIRA,180.0,142.8571,0.0,0.0,0.0
CACULE,50.0,142.8571,0.0,0.0,0.0
CAETITE,0.0,142.8571,0.0,0.0,0.0
CAMACAN,0.0,142.8571,0.0,0.0,0.0
CAMACARI,60.0,142.0385,0.0,0.0,0.0
CAMAMU,0.0,142.8571,0.0,0.0,0.0
CAMPO FORMOSO,0.0,142.8571,0.0,0.0,0.0
CANARANA,0.0,142.3506,0.0,0.0,0.0
CANAVIEIRAS,0.0,142.8571,0.0,0.0,0.0
CANDEIAS,10.0,139.2857,0.0,0.0,8.3333
CAPIM GROSSO,75.0,140.1447,0.0,0.0,0.0
CARINHANHA,0.0,142.1499,0.0,0.0,0.0
CASA NOVA,0.0,141.7411,0.0,0.0,0.0
CASTRO ALVES,0.0,142.8571,0.0,0.0,0.0
CATU,75.0,140.4255,0.0,0.0,0.0
CENTRAL,0.0,142.8571,0.0,0.0,0.0
CHORROCHO,200.0,142.8571,0.0,0.0,0.0
CICERO DANTAS,300.0,142.8571,0.0,0.0,0.0
COARACI,175.0,142.8571,0.0,0.0,0.0
CONCEICAO DO COITE,0.0,142.8571,0.0,0.0,0.0
CONCEICAO DO JACUIPE,100.0,142.8571,0.0,0.0,0.0
CONDEUBA,0.0,142.8571,0.0,0.0,0.0
CORACAO DE MARIA,300.0,142.8571,0.0,0.0,0.0
CORIBE,0.0,142.8571,0.0,0.0,0.0
CORRENTINA,0.0,142.8571,0.0,0.0,0.0
COTEGIPE,100.0,142.8571,0.0,0.0,0.0
CRUZ DAS ALMAS,0.0,142.8571,0.0,0.0,0.0
CURACA,0.0,142.8571,0.0,0.0,0.0
DIAS DAVILA,0.0,141.4141,0.0,0.0,0.0
ENCRUZILHADA,0.0,142.8571,0.0,0.0,0.0
ENTRE RIOS,0.0,142.8571,0.0,0.0,0.0
ESPLANADA,0.0,142.8571,0.0,0.0,0.0
EUCLIDES DA CUNHA,100.0,114.2857,0.0,0.0,0.0
EUNAPOLIS,6.6667,142.0068,0.0,0.0,0.0
FEIRA DE SANTANA,200.0,140.669,0.0,0.0,62.5
FORMOSA DO RIO PRETO,0.0,142.8571,0.0,0.0,0.0
GANDU,0.0,142.8571,0.0,0.0,0.0
GUANAMBI,0.0,142.8571,0.0,0.0,0.0
IACU,0.0,140.5024,0.0,0.0,0.0
IBICARAI,50.0,142.8571,0.0,0.0,0.0
IBOTIRAMA,0.0,141.7666,0.0,0.0,0.0
IGAPORA,100.0,142.8571,0.0,0.0,0.0
IGUAI,0.0,142.8571,0.0,0.0,0.0
ILHEUS,100.0,137.7551,0.0,0.0,6.6667
INHAMBUPE,100.0,142.8571,0.0,0.0,0.0
IPIAU,80.0,141.1411,0.0,0.0,0.0
IPIRA,100.0,141.604,0.0,0.0,0.0
IRARA,23.5294,142.8571,0.0,0.0,0.0
IRECE,0.0,141.779,0.0,0.0,0.0
ITABELA,0.0,142.8571,0.0,0.0,0.0
ITABERABA,66.6667,140.4562,0.0,0.0,0.0
ITABUNA,250.0,142.1785,0.0,0.0,0.0
ITAGIBA,200.0,142.8571,0.0,0.0,0.0
ITAJUIPE,0.0,142.8571,0.0,0.0,0.0
ITAMARAJU,0.0,141.6617,0.0,0.0,0.0
ITAMBE,100.0,142.8571,0.0,0.0,0.0
ITANHEM,0.0,141.8294,0.0,0.0,0.0
ITAPETINGA,0.0,142.0932,0.0,0.0,0.0
ITARANTIM,300.0,142.8571,0.0,0.0,0.0
ITIUBA,200.0,142.8571,0.0,0.0,0.0
ITUACU,0.0,142.8571,0.0,0.0,0.0
ITUBERA,0.0,142.8571,0.0,0.0,0.0
JACARACI,0.0,142.8571,0.0,0.0,0.0
JACOBINA,75.0,141.1565,0.0,0.0,0.0
JAGUAQUARA,40.0,142.8571,0.0,0.0,0.0
JAGUARARI,0.0,142.8571,0.0,0.0,0.0
JEQUIE,22.2222,142.3963,0.0,0.0,0.0
JEREMOABO,0.0,142.8571,0.0,0.0,0.0
JUAZEIRO,100.0,142.8571,0.0,0.0,0.0
LAPAO,0.0,142.8571,0.0,0.0,0.0
LAURO DE FREITAS,200.0,142.8571,0.0,0.0,0.0
LENCOIS,0.0,142.8571,0.0,0.0,0.0
LIVRAMENTO DE NOSSA SENHORA,11.1111,142.8571,0.0,0.0,0.0
LUIS EDUARDO MAGALHÃES,100.0,142.8571,0.0,0.0,0.0
MACARANI,300.0,142.05,0.0,0.0,0.0
MACAUBAS,83.3333,137.5167,0.0,0.0,0.0
MARACAS,0.0,138.6306,0.0,0.0,0.0
MATA DE SAO JOAO,0.0,142.8571,0.0,0.0,0.0
MEDEIROS NETO,75.0,142.8571,0.0,0.0,0.0
MONTE SANTO,0.0,142.8571,0.0,0.0,0.0
MORRO DO CHAPEU,0.0,142.244,0.0,0.0,0.0
MUCURI,0.0,142.8571,0.0,0.0,0.0
MUNDO NOVO,0.0,142.8571,0.0,0.0,0.0
MURITIBA,0.0,142.8571,0.0,0.0,0.0
MUTUIPE,0.0,142.8571,0.0,0.0,0.0
NAZARE,0.0,142.8571,0.0,0.0,0.0
NOVA SOURE,450.0,137.987,0.0,0.0,33.3333
OLINDINA,40.0,142.8571,0.0,0.0,0.0
PALMAS DE MONTE ALTO,0.0,142.8571,0.0,0.0,0.0
PARAMIRIM,0.0,142.8571,0.0,0.0,0.0
PARIPIRANGA,0.0,142.8571,0.0,0.0,0.0
PAULO AFONSO,50.0,142.3745,0.0,0.0,50.0
PIATA,0.0,142.8571,0.0,0.0,0.0
POCOES,900.0,142.8571,0.0,0.0,0.0
PORTO SEGURO,0.0,141.8605,0.0,0.0,0.0
PRADO,0.0,130.9524,0.0,0.0,0.0
QUEIMADAS,92.3077,142.8571,0.0,0.0,0.0
REMANSO,100.0,142.8571,0.0,0.0,0.0
RETIROLANDIA,0.0,142.8571,0.0,0.0,0.0
RIACHAO DO JACUIPE,50.0,142.8571,0.0,0.0,0.0
RIACHO DE SANTANA,0.0,141.2151,0.0,0.0,0.0
RIBEIRA DO POMBAL,100.0,142.8571,0.0,0.0,0.0
RIO REAL,0.0,142.8571,0.0,0.0,0.0
RUY BARBOSA,66.6667,142.8571,0.0,0.0,50.0
SALVADOR,126.3158,140.7979,0.0,0.0,44.6809
SANTA BARBARA,57.1429,142.8571,0.0,0.0,0.0
SANTA RITA DE CASSIA,0.0,142.8571,0.0,0.0,0.0
SANTO AMARO,133.3333,142.8571,0.0,0.0,100.0
SANTO ANTONIO DE JESUS,0.0,142.4603,0.0,0.0,0.0
SANTO ESTEVAO,33.3333,142.2902,0.0,0.0,0.0
SAO DESIDERIO,0.0,142.8571,0.0,0.0,0.0
SAO FELIPE,33.3333,141.8853,0.0,0.0,0.0
SAO FRANCISCO DO CONDE,0.0,142.1092,0.0,0.0,0.0
SAO SEBASTIAO DO PASSE,8.3333,142.8571,0.0,0.0,0.0
SAUDE,0.0,142.8571,0.0,0.0,0.0
SEABRA,0.0,142.8571,0.0,0.0,0.0
SENHOR DO BONFIM,116.6667,141.6465,0.0,0.0,0.0
SENTO SE,0.0,142.8571,0.0,0.0,0.0
SERRA DOURADA,150.0,142.8571,0.0,0.0,0.0
SERRINHA,0.0,140.838,0.0,0.0,0.0
SIMOES FILHO,0.0,142.8571,0.0,0.0,0.0
TEIXEIRA DE FREITAS,83.3333,142.8571,0.0,0.0,0.0
TREMEDAL,0.0,142.8571,0.0,0.0,0.0
TUCANO,100.0,142.8571,0.0,0.0,0.0
UAUA,0.0,142.8571,0.0,0.0,0.0
UBAIRA,0.0,142.8571,0.0,0.0,0.0
UBAITABA,33.3333,142.8571,0.0,0.0,0.0
UBATA,600.0,141.0602,0.0,0.0,0.0
URANDI,50.0,116.8831,0.0,0.0,0.0
URUCUCA,66.6667,142.8571,100.0,0.0,0.0
UTINGA,0.0,142.8571,0.0,0.0,0.0
VALENCA,14.2857,140.4018,0.0,0.0,0.0
VITORIA DA CONQUISTA,30.0,142.4832,0.0,0.0,0.0
WENCESLAU GUIMARAES,0.0,142.8571,0.0,0.0,0.0
XIQUE-XIQUE,0.0,141.7234,0.0,0.0,0.0
BARRA,0.0,142.8571,0.0,0.0,0.0
ITAPARICA,0.0,142.8571,0.0,0.0,0.0
ITORORO,0.0,142.8571,0.0,0.0,0.0
JOAO DOURADO,0.0,142.8571,0.0,0.0,0.0
MAIRI,0.0,140.3941,0.0,0.0,0.0
MIGUEL CALMON,0.0,142.8571,0.0,0.0,0.0
OLIVEIRA DOS BREJINHOS,8.6957,141.6765,0.0,0.0,0.0
PILAO ARCADO,0.0,142.8571,0.0,0.0,0.0
POJUCA,0.0,142.8571,0.0,0.0,0.0
RIACHAO DAS NEVES,0.0,142.8571,0.0,0.0,0.0
SANTA MARIA DA VITORIA,0.0,141.8787,0.0,0.0,0.0
SANTA TEREZINHA,250.0,142.8571,0.0,0.0,0.0
SANTALUZ,0.0,142.8571,0.0,0.0,0.0
SAO GONCALO DOS CAMPOS,0.0,142.4332,0.0,0.0,0.0
VALENTE,66.6667,142.8571,0.0,0.0,0.0
ACARAÚ,0.0,142.8571,0.0,0.0,0.0
ACOPIARA,0.0,142.8571,0.0,0.0,0.0
AIUABA,0.0,142.8571,0.0,0.0,0.0
ALTO SANTO,0.0,142.8571,0.0,0.0,0.0
AMONTADA,0.0,142.8571,0.0,0.0,0.0
AQUIRAZ,0.0,142.8571,0.0,0.0,0.0
ARACATI,0.0,140.9091,0.0,0.0,33.3333
ARACOIABA,33.3333,142.8571,0.0,0.0,0.0
ARARIPE,0.0,142.8571,0.0,0.0,0.0
ASSARE,0.0,131.8681,0.0,0.0,0.0
AURORA,50.0,142.8571,0.0,0.0,0.0
BARBALHA,100.0,142.8571,0.0,0.0,0.0
BARRO,300.0,141.5701,0.0,0.0,0.0
BATURITE,0.0,142.4731,0.0,0.0,0.0
BEBERIBE,0.0,142.8571,0.0,0.0,0.0
BELA CRUZ,0.0,142.8571,0.0,0.0,0.0
BOA VIAGEM,0.0,142.8571,0.0,0.0,0.0
BREJO SANTO,0.0,142.8571,0.0,0.0,0.0
CAMOCIM,0.0,142.8571,0.0,0.0,0.0
CAMPOS SALES,0.0,142.8571,0.0,0.0,100.0
CANINDE,0.0,140.1786,0.0,0.0,0.0
CAPISTRANO,25.0,142.8571,0.0,0.0,0.0
CARIDADE,0.0,142.8571,0.0,0.0,0.0
CARIRE,0.0,142.8571,0.0,0.0,0.0
CARIRIACU,0.0,142.8571,0.0,0.0,0.0
CASCAVEL,25.0,142.623,0.0,0.0,0.0
CAUCAIA,100.0,142.1053,0.0,0.0,0.0
CHAVAL,0.0,139.5349,0.0,0.0,0.0
COREAÚ,0.0,137.1429,0.0,0.0,0.0
CRATEUS,0.0,142.8571,0.0,0.0,0.0
CRATO,0.0,138.7363,0.0,0.0,0.0
EUSEBIO,0.0,141.0935,0.0,0.0,0.0
FORTALEZA,60.4167,141.4268,0.0,0.0,14.9425
GRANJA,0.0,142.8571,0.0,0.0,0.0
GUARACIABA DO NORTE,0.0,142.8571,0.0,0.0,0.0
HORIZONTE,0.0,142.2136,0.0,0.0,0.0
IBIAPINA,0.0,140.0,0.0,0.0,0.0
ICO,0.0,142.8571,0.0,0.0,0.0
IGUATU,0.0,142.316,0.0,0.0,0.0
INDEPENDENCIA,0.0,142.8571,0.0,0.0,0.0
IPU,57.1429,140.1869,0.0,0.0,0.0
IPUEIRAS,0.0,142.8571,0.0,0.0,0.0
ITAPAGE,1350.0,141.5344,0.0,0.0,0.0
ITAPIPOCA,0.0,142.8571,0.0,0.0,0.0
ITAREMA,0.0,142.8571,0.0,0.0,0.0
JAGUARETAMA,0.0,142.8571,0.0,0.0,0.0
JAGUARIBE,0.0,142.8571,0.0,0.0,0.0
JAGUARUANA,0.0,140.056,0.0,0.0,0.0
JUAZEIRO DO NORTE,0.0,142.8571,0.0,0.0,0.0
JUCAS,0.0,141.604,0.0,0.0,0.0
LAVRAS DA MANGABEIRA,0.0,138.8889,0.0,0.0,0.0
LIMOEIRO DO NORTE,0.0,142.8571,0.0,0.0,0.0
MARACANAU,0.0,142.1464,0.0,0.0,0.0
MARANGUAPE,200.0,142.3077,0.0,0.0,0.0
MASSAPE,33.3333,142.8571,0.0,0.0,0.0
MAURITI,0.0,140.4358,0.0,0.0,0.0
MILAGRES,0.0,142.8571,0.0,0.0,0.0
MISSAO VELHA,0.0,142.8571,0.0,0.0,0.0
MOMBACA,0.0,142.8571,0.0,0.0,0.0
MORADA NOVA,0.0,142.8571,0.0,0.0,0.0
NOVA OLINDA,0.0,142.8571,0.0,0.0,0.0
NOVA RUSSAS,0.0,140.9266,0.0,0.0,0.0
NOVO ORIENTE,0.0,142.8571,0.0,0.0,0.0
PACAJUS,0.0,142.8571,0.0,0.0,0.0
PACATUBA,0.0,142.8571,0.0,0.0,0.0
PARACURU,0.0,142.8571,0.0,0.0,0.0
PEDRA BRANCA,0.0,142.8571,0.0,0.0,0.0
PENTECOSTE,150.0,141.1043,0.0,0.0,0.0
QUIXADA,36.3636,139.6825,0.0,0.0,0.0
QUIXERAMOBIM,0.0,142.8571,0.0,0.0,0.0
REDENCAO,8.3333,142.3098,0.0,0.0,0.0
RERIUTABA,400.0,142.8571,0.0,0.0,0.0
RUSSAS,0.0,142.8571,0.0,0.0,0.0
SANTA QUITERIA,0.0,141.1765,0.0,0.0,0.0
SANTANA DO ACARAU,0.0,142.8571,0.0,0.0,0.0
SAO BENEDITO,0.0,142.8571,0.0,0.0,0.0
SAO GONCALO DO AMARANTE,10.7143,142.4841,0.0,0.0,0.0
SENADOR POMPEU,0.0,142.8571,0.0,0.0,0.0
SOBRAL,400.0,142.3098,0.0,0.0,33.3333
SOLONOPOLE,0.0,142.8571,0.0,0.0,0.0
TABULEIRO DO NORTE,0.0,142.8571,0.0,0.0,0.0
TAUA,0.0,142.8571,0.0,0.0,0.0
TIANGUA,0.0,142.8571,0.0,0.0,0.0
TRAIRI,0.0,142.8571,0.0,0.0,0.0
URUBURETAMA,0.0,142.0118,0.0,0.0,0.0
VARZEA ALEGRE,0.0,142.8571,0.0,0.0,0.0
TAMBORIL,100.0,142.8571,0.0,0.0,0.0
VICOSA DO CEARA,0.0,142.8571,0.0,0.0,0.0
BRASÍLIA,18.4211,105.2632,0.0,0.0,0.0
CEILANDIA,0.0,142.8571,0.0,0.0,0.0
CRUZEIRO,30.0,141.783,0.0,0.0,0.0
GAMA,0.0,142.8571,0.0,0.0,0.0
GUARA,0.0,95.2381,0.0,0.0,0.0
LAGO SUL,0.0,0.0,0.0,0.0,0.0
NÚCLEO BANDEIRANTE,0.0,0.0,0.0,0.0,0.0
PARANOÁ,0.0,0.0,0.0,0.0,0.0
PLANALTINA,33.3333,141.2214,0.0,0.0,0.0
RECANTO DAS EMAS,0.0,107.1429,0.0,0.0,0.0
SAMAMBAIA,0.0,142.8571,0.0,0.0,0.0
SANTA MARIA,57.1429,141.8616,0.0,0.0,0.0
SOBRADINHO,55.5556,141.0935,0.0,0.0,0.0
TAGUATINGA,66.6667,142.8571,0.0,0.0,0.0
ÁGUAS CLARAS,0.0,142.8571,0.0,0.0,0.0
AFONSO CLAUDIO,600.0,141.791,0.0,0.0,0.0
ALEGRE,0.0,142.8571,0.0,0.0,0.0
ALFREDO CHAVES,0.0,133.3705,0.0,0.0,0.0
ANCHIETA,60.0,129.8701,0.0,0.0,0.0
ARACRUZ,14.2857,140.2692,0.0,0.0,0.0
BAIXO GUANDU,225.0,142.8571,0.0,0.0,0.0
BARRA DE SAO FRANCISCO,22.7273,142.0679,0.0,0.0,0.0
BOM JESUS DO NORTE,0.0,116.5312,0.0,0.0,0.0
CACHOEIRO DE ITAPEMIRIM,400.0,141.5584,0.0,0.0,37.5
CARIACICA,25.0,141.5465,0.0,0.0,0.0
CASTELO,0.0,142.8571,0.0,0.0,0.0
COLATINA,600.0,142.2018,0.0,0.0,100.0
CONCEICAO DA BARRA,0.0,142.8571,0.0,0.0,0.0
DOMINGOS MARTINS,0.0,142.8571,0.0,0.0,0.0
GUACUI,66.6667,139.2313,0.0,0.0,0.0
GUARAPARI,133.3333,142.8571,0.0,0.0,30.0
IBATIBA,100.0,142.8571,0.0,0.0,25.0
IBIRACU,0.0,139.1412,0.0,0.0,0.0
ICONHA,750.0,142.8571,0.0,0.0,0.0
ITAGUACU,100.0,142.8571,0.0,0.0,0.0
ITAPEMIRIM,0.0,141.9355,0.0,0.0,0.0
IUNA,0.0,142.8571,0.0,0.0,0.0
JAGUARE,0.0,142.244,0.0,0.0,0.0
LINHARES,0.0,141.5282,0.0,0.0,0.0
MARATAIZES,300.0,138.4784,0.0,0.0,0.0
MIMOSO DO SUL,1300.0,142.8571,0.0,0.0,0.0
MONTANHA,150.0,142.4307,0.0,0.0,66.6667
MUNIZ FREIRE,0.0,116.8831,0.0,0.0,0.0
NOVA VENECIA,0.0,124.446,0.0,0.0,0.0
PANCAS,1900.0,142.8571,0.0,0.0,0.0
PINHEIROS,0.0,138.833,0.0,0.0,0.0
RIO BANANAL,600.0,142.8571,0.0,0.0,0.0
SANTA LEOPOLDINA,113.6364,127.7851,0.0,0.0,0.0
SANTA TERESA,0.0,142.8571,0.0,0.0,0.0
SAO GABRIEL DA PALHA,62.5,142.2925,0.0,0.0,0.0
SAO MATEUS,0.0,142.8571,0.0,0.0,33.3333
SERRA,39.1304,138.0808,0.0,0.0,5.5556
VENDA NOVA DO IMIGRANTE,4.1667,142.8571,0.0,0.0,0.0
VIANA,0.0,142.029,0.0,0.0,0.0
VILA VELHA,0.0,140.8638,0.0,0.0,20.0
VITORIA,51.6667,135.2095,0.0,0.0,2.439
ÁGUIA BRANCA,1300.0,142.8571,0.0,0.0,0.0
ECOPORANGA,0.0,141.6957,0.0,0.0,0.0
ACREÚNA,0.0,142.8571,0.0,0.0,0.0
AGUAS LINDAS DE GOIAS,75.0,142.8571,0.0,0.0,0.0
ALEXÂNIA,60.0,141.7497,0.0,0.0,0.0
ALTO PARAISO DE GOIAS,0.0,142.8571,0.0,0.0,0.0
ALVORADA DO NORTE,120.0,142.8571,0.0,0.0,0.0
ANAPOLIS,75.0,142.2914,0.0,0.0,0.0
ANICUNS,6.25,139.4958,0.0,0.0,16.6667
APARECIDA DE GOIANIA,50.0,140.2702,0.0,0.0,0.0
ARAGARCAS,0.0,139.7516,0.0,0.0,0.0
BELA VISTA DE GOIAS,0.0,142.8571,0.0,0.0,0.0
BOM JESUS DE GOIAS,0.0,141.4566,0.0,0.0,0.0
BURITI ALEGRE,0.0,130.7847,0.0,0.0,0.0
CACHOEIRA ALTA,0.0,142.8571,0.0,0.0,0.0
CACU,0.0,142.8571,0.0,0.0,0.0
CAIAPONIA,100.0,142.8571,0.0,0.0,0.0
CALDAS NOVAS,33.3333,142.3559,0.0,0.0,0.0
CAMPOS BELOS,0.0,142.8571,0.0,0.0,0.0
CATALAO,0.0,142.8571,0.0,0.0,0.0
CAVALCANTE,60.0,142.8571,0.0,0.0,0.0
CERES,0.0,140.4762,0.0,0.0,0.0
CIDADE OCIDENTAL,100.0,140.8867,0.0,0.0,0.0
CRISTALINA,66.6667,142.0118,0.0,0.0,0.0
CRIXAS,162.5,135.989,0.0,0.0,0.0
EDEIA,85.7143,141.8367,0.0,0.0,0.0
FAZENDA NOVA,7.6923,141.9111,0.0,0.0,0.0
FIRMINOPOLIS,18.1818,139.5918,0.0,0.0,0.0
FORMOSA,133.3333,142.8571,0.0,0.0,0.0
FORMOSO,50.0,142.8571,0.0,0.0,0.0
GOIANESIA,7.6923,142.3963,0.0,0.0,0.0
GOIANIA,79.0323,140.279,0.0,0.0,36.5854
GOIANIRA,120.0,142.432,0.0,0.0,0.0
GOIATUBA,0.0,126.9841,0.0,0.0,0.0
GOIÁS,0.0,142.8571,0.0,0.0,0.0
GUAPO,0.0,139.2633,0.0,0.0,0.0
INHUMAS,0.0,140.8221,0.0,0.0,0.0
IPAMERI,0.0,142.8571,0.0,0.0,0.0
IPORA,100.0,141.9671,0.0,0.0,100.0
ITABERAI,11.7647,141.4966,0.0,0.0,0.0
ITAJA,50.0,142.8571,0.0,0.0,0.0
ITAPACI,33.3333,137.1429,0.0,0.0,0.0
ITAPURANGA,142.8571,140.2479,20.0,0.0,0.0
ITAUCU,0.0,136.9863,0.0,0.0,0.0
ITUMBIARA,200.0,142.8571,0.0,0.0,0.0
JARAGUA,0.0,142.8571,0.0,0.0,0.0
JATAI,80.0,142.8571,0.0,0.0,100.0
JUSSARA,14.2857,137.5986,0.0,0.0,0.0
LUZIANIA,20.0,140.4696,0.0,0.0,0.0
MARA ROSA,0.0,142.8571,0.0,0.0,0.0
MINACU,350.0,142.8571,0.0,0.0,0.0
MINEIROS,75.0,142.8571,0.0,0.0,0.0
MORRINHOS,0.0,129.8701,0.0,0.0,0.0
MOZARLANDIA,100.0,141.8476,0.0,0.0,0.0
NEROPOLIS,150.0,141.8984,0.0,0.0,0.0
NIQUELANDIA,0.0,142.8571,0.0,0.0,0.0
NOVO GAMA,0.0,142.2925,0.0,0.0,0.0
PADRE BERNARDO,33.3333,142.8571,100.0,0.0,0.0
PALMEIRAS DE GOIAS,1000.0,142.8571,0.0,0.0,0.0
PARAUNA,0.0,142.8571,0.0,0.0,0.0
PIRACANJUBA,28.5714,142.2278,0.0,0.0,0.0
PIRANHAS,0.0,141.4427,0.0,0.0,0.0
PIRENOPOLIS,0.0,142.8571,0.0,0.0,0.0
PIRES DO RIO,100.0,142.8571,0.0,0.0,0.0
PONTALINA,57.1429,142.8571,0.0,0.0,0.0
PORANGATU,0.0,142.8571,0.0,0.0,0.0
POSSE,0.0,142.1833,0.0,0.0,0.0
QUIRINOPOLIS,70.0,133.3729,0.0,0.0,0.0
RIO VERDE,0.0,141.8067,0.0,0.0,0.0
RUBIATABA,55.5556,142.381,0.0,0.0,0.0
SANTA HELENA DE GOIAS,69.2308,141.5985,0.0,0.0,0.0
SANTO ANTONIO DO DESCOBERTO,42.8571,140.7967,0.0,0.0,0.0
SAO DOMINGOS,0.0,142.8571,0.0,0.0,0.0
SAO LUIS DE MONTES BELOS,28.5714,141.5282,0.0,0.0,0.0
SAO MIGUEL DO ARAGUAIA,0.0,142.8571,0.0,0.0,0.0
SENADOR CANEDO,11.1111,142.8571,0.0,0.0,0.0
SILVANIA,0.0,141.604,0.0,0.0,0.0
TRINDADE,16.6667,140.5216,0.0,0.0,0.0
URUACU,225.0,136.1768,9.0909,0.0,0.0
VALPARAISO DE GOIAS,0.0,135.2459,0.0,0.0,0.0
ALCÂNTARA,0.0,141.6256,0.0,0.0,0.0
ALTO PARNAIBA,71.4286,133.1169,0.0,0.0,0.0
AMARANTE DO MARANHÃO,100.0,141.8651,0.0,0.0,100.0
ARAME,0.0,132.8321,0.0,0.0,0.0
ARARI,0.0,142.8571,0.0,0.0,0.0
AÇAILÂNDIA,0.0,142.2333,0.0,0.0,0.0
BACABAL,40.0,139.1941,0.0,0.0,0.0
BACURI,100.0,142.8571,0.0,0.0,0.0
BALSAS,20.0,142.1356,0.0,0.0,0.0
BARAO DE GRAJAU,0.0,139.9417,0.0,0.0,33.3333
BARRA DO CORDA,28.5714,131.2372,0.0,0.0,100.0
BARREIRINHAS,0.0,133.4895,0.0,0.0,0.0
BOM JARDIM,100.0,142.2969,0.0,0.0,0.0
BREJO,100.0,142.8571,0.0,0.0,0.0
BURITI,0.0,140.7563,0.0,0.0,0.0
BURITICUPU,25.0,141.0714,0.0,0.0,0.0
CANDIDO MENDES,50.0,140.9897,0.0,0.0,0.0
CANTANHEDE,166.6667,139.0374,0.0,0.0,33.3333
CAROLINA,27.2727,142.8571,0.0,0.0,0.0
CARUTAPERA,0.0,142.8571,0.0,0.0,0.0
CAXIAS,183.3333,142.8571,0.0,0.0,0.0
CHAPADINHA,0.0,127.8195,0.0,0.0,0.0
CODO,0.0,142.4964,0.0,0.0,100.0
COELHO NETO,200.0,142.8571,0.0,0.0,0.0
COLINAS,0.0,142.8571,0.0,0.0,0.0
COROATA,66.6667,140.2359,0.0,0.0,0.0
DOM PEDRO,0.0,142.8571,0.0,0.0,0.0
ESPERANTINOPOLIS,0.0,142.8571,0.0,0.0,0.0
ESTREITO,0.0,139.3443,0.0,0.0,0.0
GOVERNADOR EUGENIO BARROS,0.0,140.5714,100.0,0.0,25.0
GOVERNADOR NUNES FREIRE,0.0,142.05,0.0,0.0,0.0
GRAJAU,0.0,134.0782,0.0,0.0,0.0
GUIMARAES,45.4545,142.471,0.0,0.0,0.0
HUMBERTO DE CAMPOS,0.0,141.3768,0.0,0.0,0.0
ICATU,0.0,142.8571,0.0,0.0,0.0
IMPERATRIZ,84.6154,140.61,0.0,0.0,0.0
ITAPECURU MIRIM,112.5,140.1833,0.0,0.0,0.0
JOAO LISBOA,100.0,142.8571,0.0,0.0,0.0
LAGO DA PEDRA,100.0,133.2753,0.0,0.0,0.0
LORETO,333.3333,142.8571,0.0,0.0,0.0
MARACACUME,0.0,142.8571,0.0,0.0,0.0
MATINHA,0.0,142.8571,0.0,0.0,0.0
MONTES ALTOS,0.0,141.9698,0.0,0.0,0.0
MORROS,0.0,142.8571,0.0,0.0,0.0
OLHO D AGUA DAS CUNHAS,300.0,142.8571,0.0,0.0,0.0
PACO DO LUMIAR,28.5714,142.8571,0.0,0.0,0.0
PASSAGEM FRANCA,0.0,142.8571,0.0,0.0,0.0
PASTOS BONS,0.0,141.0256,0.0,0.0,0.0
PEDREIRAS,166.6667,142.8571,0.0,0.0,0.0
PINDARÉ-MIRIM,0.0,142.8571,0.0,0.0,0.0
PINHEIRO,0.0,142.8571,0.0,0.0,0.0
PORTO FRANCO,0.0,141.3768,0.0,0.0,0.0
PRESIDENTE DUTRA,0.0,142.8571,0.0,0.0,0.0
RIACHAO,0.0,142.8571,0.0,0.0,0.0
ROSARIO,100.0,142.1013,0.0,0.0,0.0
SANTA HELENA,20.0,141.4497,0.0,0.0,0.0
SANTA INES,0.0,142.8571,0.0,0.0,0.0
SANTA LUZIA,5.2632,141.4566,0.0,0.0,25.0
SANTA LUZIA DO PARUA,0.0,140.1099,0.0,0.0,0.0
SANTO ANTONIO DOS LOPES,0.0,142.8571,0.0,0.0,0.0
SAO BENTO,0.0,142.8571,0.0,0.0,0.0
SAO BERNARDO,0.0,142.8571,0.0,0.0,0.0
SAO DOMINGOS DO MARANHAO,0.0,142.8571,0.0,0.0,0.0
SAO JOAO BATISTA,50.0,141.5405,0.0,0.0,0.0
SAO JOAO DOS PATOS,0.0,142.8571,0.0,0.0,0.0
SAO JOSE DE RIBAMAR,25.0,141.136,0.0,0.0,0.0
SAO LUIS,86.9565,139.3817,0.0,0.0,24.0
SAO LUIS GONZAGA DO MARANHAO,50.0,142.8571,0.0,0.0,0.0
SAO MATEUS DO MARANHAO,20.0,139.4558,0.0,0.0,100.0
SAO RAIMUNDO DAS MANGABEIRAS,0.0,142.8571,0.0,0.0,0.0
TIMON,50.0,142.2857,0.0,0.0,0.0
TUNTUM,0.0,142.8571,0.0,0.0,0.0
TURIACU,0.0,137.0262,0.0,0.0,0.0
TUTOIA,0.0,142.8571,0.0,0.0,0.0
URBANO SANTOS,135.7143,142.1013,0.0,0.0,0.0
VARGEM GRANDE,0.0,138.961,0.0,0.0,60.0
VITORIA DO MEARIM,0.0,142.8571,0.0,0.0,0.0
VITORINO FREIRE,0.0,142.8571,0.0,0.0,0.0
ZE DOCA,114.2857,127.1008,0.0,0.0,0.0
ARAIOSES,0.0,142.8571,0.0,0.0,0.0
BEQUIMAO,0.0,142.8571,0.0,0.0,0.0
CURURUPU,0.0,140.7867,0.0,0.0,0.0
MATOES,0.0,142.8571,0.0,0.0,0.0
MIRADOR,0.0,142.8571,0.0,0.0,0.0
PARNARAMA,0.0,142.8571,0.0,0.0,0.0
PAULO RAMOS,0.0,142.8571,0.0,0.0,0.0
PENALVA,0.0,142.8571,0.0,0.0,0.0
ABAETÉ,0.0,142.8571,0.0,0.0,0.0
ABRE CAMPO,0.0,139.5731,0.0,0.0,0.0
AGUAS FORMOSAS,21.7391,140.5592,0.0,0.0,0.0
AIMORES,0.0,142.8571,0.0,0.0,0.0
AIURUOCA,0.0,141.7497,0.0,0.0,0.0
ALEM PARAIBA,0.0,142.8571,0.0,0.0,0.0
ALFENAS,72.7273,136.788,0.0,0.0,0.0
ALMENARA,0.0,142.8571,0.0,0.0,0.0
ALPINÓPOLIS,0.0,142.8571,0.0,0.0,0.0
ALTO RIO DOCE,0.0,142.8571,0.0,0.0,0.0
ALVINÓPOLIS,20.0,137.4517,0.0,0.0,16.6667
ANDRADAS,0.0,142.8571,0.0,0.0,0.0
ANDRELÂNDIA,100.0,141.3127,0.0,0.0,0.0
ARAGUARI,0.0,142.8571,0.0,0.0,0.0
ARAXÁ,0.0,142.8571,0.0,0.0,0.0
ARAÇUAI,29.7872,142.3872,0.0,0.0,0.0
ARCOS,0.0,142.8571,0.0,0.0,0.0
AREADO,0.0,142.8571,0.0,0.0,0.0
ARINOS,0.0,142.1053,0.0,0.0,0.0
AÇUCENA,12.9032,131.9667,0.0,0.0,0.0
BAMBUI,0.0,140.3061,0.0,0.0,0.0
BARAO DE COCAIS,0.0,142.8571,0.0,0.0,0.0
BARBACENA,0.0,137.987,0.0,0.0,0.0
BELO HORIZONTE,137.5,125.3923,0.0,0.0,10.6383
BELO VALE,0.0,142.8571,0.0,0.0,0.0
BETIM,15.0,140.0491,0.0,0.0,0.0
BICAS,0.0,142.8571,0.0,0.0,0.0
BOCAIUVA,0.0,141.1565,0.0,0.0,0.0
BOM DESPACHO,0.0,71.4286,0.0,0.0,0.0
BOM SUCESSO,0.0,0.0,0.0,0.0,0.0
BONFIM,26.087,142.8571,0.0,0.0,0.0
BONFINOPOLIS DE MINAS,0.0,0.0,0.0,0.0,0.0
BOTELHOS,0.0,142.8571,0.0,0.0,0.0
BRASÍLIA DE MINAS,0.0,142.8571,0.0,0.0,0.0
BRASÓPOLIS,0.0,142.8571,0.0,0.0,0.0
BRUMADINHO,16.6667,142.1896,0.0,0.0,0.0
BUENOPOLIS,0.0,142.3628,0.0,0.0,0.0
BURITIS,4.1667,142.8571,0.0,0.0,0.0
CACHOEIRA DE MINAS,0.0,142.8571,0.0,0.0,0.0
CAETE,7.5,137.046,0.0,0.0,0.0
CAMANDUCAIA,0.0,142.8571,0.0,0.0,0.0
CAMBUI,8.3333,142.4203,0.0,0.0,0.0
CAMPANHA,0.0,142.8571,0.0,0.0,0.0
CAMPO BELO,0.0,140.6593,0.0,0.0,0.0
CAMPOS ALTOS,0.0,142.8571,0.0,0.0,0.0
CAMPOS GERAIS,0.0,142.8571,0.0,0.0,0.0
CAPELINHA,0.0,142.225,0.0,0.0,0.0
CAPINOPOLIS,16.6667,138.6555,0.0,0.0,0.0
CARANDAI,0.0,141.8651,0.0,0.0,0.0
CARANGOLA,0.0,142.8571,0.0,0.0,0.0
CARATINGA,11.1111,142.1053,0.0,0.0,0.0
CARLOS CHAGAS,20.0,142.8571,0.0,0.0,50.0
CARMO DO CAJURU,0.0,142.8571,0.0,0.0,0.0
CARMO DO PARANAIBA,0.0,142.8571,0.0,0.0,0.0
CARMO DO RIO CLARO,0.0,142.8571,0.0,0.0,0.0
CASSIA,0.0,142.8571,0.0,0.0,0.0
CATAGUASES,0.0,142.8571,0.0,0.0,0.0
CAXAMBU,0.0,142.8571,0.0,0.0,0.0
CONCEICAO DAS ALAGOAS,0.0,142.8571,0.0,0.0,0.0
CONCEICAO DO MATO DENTRO,42.8571,140.4241,0.0,0.0,0.0
CONGONHAS,0.0,141.3919,0.0,0.0,0.0
CONSELHEIRO LAFAIETE,25.0,139.4879,0.0,0.0,0.0
CONSELHEIRO PENA,0.0,141.9913,0.0,0.0,0.0
CONTAGEM,14.2857,139.738,0.0,0.0,7.1429
CORACAO DE JESUS,0.0,142.8571,0.0,0.0,0.0
CORINTO,0.0,142.8571,0.0,0.0,0.0
COROMANDEL,0.0,141.5344,0.0,0.0,0.0
CORONEL FABRICIANO,58.0645,138.2979,0.0,0.0,36.3636
CRISTINA,70.0,142.8571,0.0,0.0,0.0
CRUZILIA,0.0,142.05,0.0,0.0,0.0
CURVELO,0.0,141.4966,0.0,0.0,0.0
DIAMANTINA,0.0,142.0807,0.0,0.0,0.0
DIVINO,0.0,138.7164,0.0,0.0,0.0
DIVINOPOLIS,0.0,141.4634,0.0,0.0,0.0
DORES DO INDAIA,0.0,142.8571,0.0,0.0,0.0
ENTRE RIOS DE MINAS,0.0,142.8571,0.0,0.0,0.0
ERVALIA,50.0,133.6828,0.0,0.0,0.0
ESMERALDAS,0.0,140.746,0.0,0.0,0.0
ESPERA FELIZ,33.3333,142.8571,0.0,0.0,0.0
ESPINOSA,0.0,141.3374,0.0,0.0,0.0
ESTRELA DO SUL,25.0,141.369,0.0,0.0,0.0
EUGENOPOLIS,0.0,139.4009,0.0,0.0,0.0
EXTREMA,0.0,142.8571,0.0,0.0,0.0
FERROS,0.0,71.4286,0.0,0.0,0.0
FORMIGA,0.0,142.8571,0.0,0.0,0.0
FRANCISCO SA,83.3333,142.8571,0.0,0.0,0.0
FRUTAL,0.0,140.3683,0.0,0.0,0.0
GALILEIA,0.0,138.9961,0.0,0.0,25.0
GOVERNADOR VALADARES,40.0,142.2018,0.0,0.0,27.2727
GRAO MOGOL,0.0,142.8571,0.0,0.0,0.0
GUANHAES,0.0,139.5477,0.0,0.0,0.0
GUAPE,20.0,142.8571,0.0,0.0,0.0
GUAXUPE,0.0,142.8571,0.0,0.0,0.0
IBIA,0.0,142.8571,0.0,0.0,0.0
IBIRACI,0.0,142.8571,0.0,0.0,0.0
IBIRITE,62.5,141.793,0.0,0.0,0.0
IGARAPE,13.0435,138.5836,0.0,0.0,0.0
INHAPIM,0.0,140.6844,0.0,0.0,0.0
IPANEMA,0.0,142.8571,0.0,0.0,0.0
IPATINGA,5.5556,141.6746,0.0,0.0,0.0
ITABIRA,20.6897,121.4535,0.0,0.0,0.0
ITABIRITO,0.0,142.1703,0.0,0.0,0.0
ITAJUBA,0.0,142.3241,0.0,0.0,0.0
ITAMARANDIBA,100.0,142.3778,0.0,0.0,0.0
ITAMBACURI,50.0,142.8571,0.0,0.0,0.0
ITAMONTE,0.0,142.8571,0.0,0.0,0.0
ITANHANDU,0.0,140.7249,0.0,0.0,0.0
ITANHOMI,0.0,142.8571,0.0,0.0,0.0
ITAPAGIPE,100.0,142.8571,0.0,0.0,0.0
ITAPECERICA,0.0,142.8571,0.0,0.0,0.0
ITAUNA,0.0,142.3933,0.0,0.0,0.0
ITUIUTABA,0.0,140.8451,0.0,0.0,0.0
ITUMIRIM,0.0,141.754,0.0,0.0,0.0
ITURAMA,100.0,142.8571,0.0,0.0,0.0
JABOTICATUBAS,0.0,142.8571,0.0,0.0,0.0
JACINTO,100.0,141.9671,0.0,0.0,16.6667
JAIBA,114.2857,124.3493,0.0,0.0,0.0
JANAUBA,0.0,142.8571,0.0,0.0,0.0
JANUARIA,175.0,142.8571,0.0,0.0,0.0
JEQUERI,34.375,129.7959,0.0,0.0,0.0
JEQUITINHONHA,20.0,141.3293,0.0,0.0,0.0
JOAO MONLEVADE,0.0,142.8571,0.0,0.0,0.0
JOAO PINHEIRO,0.0,142.8571,0.0,0.0,0.0
JUIZ DE FORA,0.0,142.8571,0.0,0.0,0.0
LAGOA DA PRATA,0.0,136.8039,0.0,0.0,0.0
LAGOA SANTA,0.0,142.8571,0.0,0.0,0.0
LAJINHA,0.0,142.8571,0.0,0.0,0.0
LAMBARI,0.0,142.8571,0.0,0.0,0.0
LAVRAS,0.0,142.4176,0.0,0.0,0.0
LEOPOLDINA,0.0,137.3626,0.0,0.0,0.0
LIMA DUARTE,63.6364,142.8571,0.0,0.0,0.0
LUZ,0.0,142.8571,0.0,0.0,0.0
MACHADO,0.0,142.8571,0.0,0.0,0.0
MALACACHETA,0.0,142.8571,0.0,0.0,0.0
MANGA,0.0,141.9048,0.0,0.0,0.0
MANHUACU,100.0,141.7531,0.0,0.0,100.0
MANHUMIRIM,58.8235,142.8571,0.0,0.0,0.0
MANTENA,0.0,142.8571,0.0,0.0,0.0
MAR DE ESPANHA,42.1053,140.7249,0.0,0.0,0.0
MARIANA,118.5185,132.8413,0.0,0.0,0.0
MATEUS LEME,11.7647,142.4946,0.0,0.0,0.0
MATIAS BARBOSA,0.0,142.8571,0.0,0.0,0.0
MATOZINHOS,0.0,139.6104,0.0,0.0,0.0
MEDINA,0.0,142.8571,0.0,0.0,0.0
MESQUITA,0.0,136.9594,0.0,0.0,50.0
MINAS NOVAS,33.3333,141.6413,0.0,0.0,0.0
MIRAI,0.0,0.0,0.0,0.0,0.0
MONTALVANIA,26.6667,127.1091,0.0,0.0,0.0
MONTE ALEGRE DE MINAS,83.3333,138.7521,0.0,0.0,0.0
MONTE AZUL,0.0,142.8571,0.0,0.0,100.0
MONTE CARMELO,16.6667,141.1463,0.0,0.0,0.0
MONTE SIAO,0.0,142.8571,0.0,0.0,0.0
MONTES CLAROS,0.0,142.6458,0.0,0.0,0.0
MURIAE,3.7736,139.1129,0.0,0.0,0.0
MUTUM,0.0,142.8571,0.0,0.0,0.0
MUZAMBINHO,0.0,141.8294,0.0,0.0,0.0
NANUQUE,51.8519,116.9435,0.0,0.0,0.0
NEPOMUCENO,0.0,142.8571,0.0,0.0,0.0
NOVA ERA,0.0,137.1429,0.0,0.0,0.0
NOVA LIMA,8.6957,134.6351,0.0,0.0,0.0
NOVA PONTE,30.0,131.6212,0.0,0.0,0.0
NOVA SERRANA,0.0,81.6327,0.0,0.0,0.0
NOVO CRUZEIRO,375.0,135.785,0.0,0.0,0.0
OLIVEIRA,0.0,141.5584,0.0,0.0,0.0
OURO FINO,50.0,142.8571,0.0,0.0,0.0
OURO PRETO,25.0,142.8571,0.0,0.0,0.0
PALMA,5.8824,126.2136,0.0,0.0,0.0
PARA DE MINAS,2.2727,132.2625,0.0,0.0,0.0
PARACATU,0.0,142.8571,0.0,0.0,0.0
PARAISOPOLIS,0.0,139.6825,0.0,0.0,0.0
PARAOPEBA,0.0,142.8571,0.0,0.0,0.0
PASSA TEMPO,0.0,142.8571,0.0,0.0,0.0
PASSOS,0.0,141.7582,0.0,0.0,0.0
PATOS DE MINAS,0.0,141.8067,0.0,0.0,0.0
PATROCINIO,83.3333,142.0043,0.0,0.0,0.0
PECANHA,0.0,142.3414,0.0,0.0,0.0
PEDRA AZUL,0.0,142.3662,0.0,0.0,0.0
PEDRO LEOPOLDO,181.8182,133.3729,0.0,0.0,0.0
PERDIZES,0.0,129.8701,0.0,0.0,0.0
PIRANGA,0.0,142.8571,0.0,0.0,0.0
PIRAPORA,0.0,142.2466,0.0,0.0,0.0
PITANGUI,0.0,142.8571,0.0,0.0,0.0
PIUMHI,0.0,138.9961,0.0,0.0,0.0
POCOS DE CALDAS,16.6667,142.4406,0.0,0.0,0.0
POMPEU,50.0,142.8571,0.0,0.0,0.0
PONTE NOVA,11.6279,142.8571,0.0,0.0,0.0
PORTEIRINHA,0.0,142.8571,0.0,0.0,0.0
POUSO ALEGRE,0.0,142.4689,0.0,0.0,0.0
PRADOS,33.3333,142.8571,0.0,0.0,0.0
PRATA,0.0,142.8571,0.0,0.0,0.0
PRATAPOLIS,0.0,141.5701,0.0,0.0,0.0
PRESIDENTE OLEGARIO,0.0,142.8571,0.0,0.0,0.0
RAUL SOARES,0.0,142.8571,0.0,0.0,0.0
RESENDE COSTA,0.0,141.5584,0.0,0.0,0.0
RESPLENDOR,5.8824,138.3728,0.0,0.0,0.0
RIBEIRAO DAS NEVES,0.0,142.1283,0.0,0.0,0.0
RIO CASCA,0.0,142.8571,0.0,0.0,0.0
RIO NOVO,0.0,142.2902,0.0,0.0,0.0
RIO PARDO DE MINAS,160.0,137.3044,0.0,0.0,0.0
RIO POMBA,0.0,141.9501,0.0,0.0,0.0
RIO PRETO,0.0,142.2947,0.0,0.0,0.0
RIO VERMELHO,35.0,141.8853,0.0,0.0,0.0
SABARA,0.0,140.9692,0.0,0.0,0.0
SABINOPOLIS,0.0,142.8571,0.0,0.0,0.0
SACRAMENTO,0.0,142.8571,0.0,0.0,0.0
SALINAS,9.375,142.8571,0.0,0.0,0.0
SANTA MARIA DO SUACUI,800.0,142.8571,0.0,0.0,0.0
SANTA RITA DE CALDAS,0.0,141.9234,0.0,0.0,0.0
SANTA RITA DO SAPUCAI,29.0323,130.5495,0.0,0.0,0.0
SANTA VITORIA,0.0,142.8571,0.0,0.0,0.0
SANTO ANTONIO DO MONTE,0.0,142.8571,0.0,0.0,0.0
SANTOS DUMONT,75.0,98.2143,0.0,0.0,0.0
SAO DOMINGOS DO PRATA,0.0,142.8571,0.0,0.0,0.0
SAO FRANCISCO,0.0,142.8571,0.0,0.0,0.0
SAO GONCALO DO SAPUCAI,0.0,142.8571,0.0,0.0,0.0
SAO GOTARDO,0.0,135.8641,0.0,0.0,0.0
SAO JOAO DA PONTE,0.0,142.3729,0.0,0.0,0.0
SAO JOAO DEL REI,11.1111,140.3634,0.0,0.0,0.0
SAO JOAO EVANGELISTA,0.0,142.8571,0.0,0.0,0.0
SAO JOAO NEPOMUCENO,0.0,142.8571,0.0,0.0,0.0
SAO LOURENCO,0.0,142.8571,0.0,0.0,0.0
SAO ROMAO,0.0,142.8571,0.0,0.0,0.0
SAO SEBASTIAO DO PARAISO,0.0,142.8571,0.0,0.0,0.0
SENADOR FIRMINO,0.0,142.8571,0.0,0.0,0.0
SERRO,0.0,142.8571,0.0,0.0,0.0
SETE LAGOAS,25.0,139.6976,0.0,0.0,0.0
TAIOBEIRAS,0.0,142.8571,0.0,0.0,0.0
TARUMIRIM,0.0,136.3636,0.0,0.0,0.0
TEIXEIRAS,0.0,141.7582,0.0,0.0,0.0
TEOFILO OTONI,53.5211,138.0566,0.0,0.0,0.0
TIMOTEO,147.619,140.4562,0.0,0.0,0.0
TRES CORACOES,0.0,142.0807,0.0,0.0,0.0
TRES MARIAS,0.0,119.3182,0.0,0.0,0.0
TRES PONTAS,0.0,142.8571,0.0,0.0,0.0
TUPACIGUARA,0.0,141.7411,0.0,0.0,0.0
TURMALINA,66.6667,142.8571,0.0,0.0,0.0
UBA,0.0,138.0145,0.0,0.0,0.0
UBERABA,0.0,142.1769,0.0,0.0,0.0
UBERLANDIA,42.8571,142.0385,0.0,0.0,15.0
UNAI,0.0,141.258,0.0,0.0,0.0
VARGINHA,0.0,136.8521,0.0,0.0,0.0
VARZEA DA PALMA,39.2857,142.3358,0.0,0.0,0.0
VAZANTE,12.5,142.8571,0.0,0.0,0.0
VESPASIANO,0.0,142.8571,0.0,0.0,0.0
VIRGINOPOLIS,3.2258,142.8571,0.0,0.0,0.0
VISCONDE DO RIO BRANCO,0.0,142.3119,0.0,0.0,0.0
BOA ESPERANCA,230.0,132.5397,0.0,0.0,0.0
CLAUDIO,100.0,142.8571,0.0,0.0,0.0
MONTE SANTO DE MINAS,0.0,142.8571,0.0,0.0,0.0
NOVA RESENDE,0.0,142.8571,0.0,0.0,0.0
PERDOES,0.0,142.8571,0.0,0.0,0.0
RIO PIRACICABA,0.0,0.0,0.0,0.0,0.0
AMAMBAI,0.0,142.8571,0.0,0.0,0.0
ANASTÁCIO,0.0,141.3043,0.0,0.0,0.0
APARECIDA DO TABOADO,0.0,142.8571,0.0,0.0,0.0
AQUIDAUANA,200.0,142.8571,0.0,0.0,0.0
BANDEIRANTES,0.0,142.2619,0.0,0.0,0.0
BATAGUASSU,100.0,142.8571,0.0,0.0,0.0
BELA VISTA,400.0,137.931,0.0,0.0,33.3333
BONITO,0.0,142.3201,0.0,0.0,0.0
BRASILÂNDIA,100.0,126.3736,0.0,0.0,0.0
CAARAPO,100.0,142.8571,0.0,0.0,0.0
CAMAPUA,0.0,142.8571,0.0,0.0,0.0
CAMPO GRANDE,66.129,140.7214,0.0,0.0,0.0
CASSILANDIA,100.0,142.8571,0.0,0.0,0.0
CHAPADAO DO SUL,0.0,142.8571,0.0,0.0,0.0
CORUMBA,20.0,140.3856,0.0,0.0,0.0
COSTA RICA,0.0,142.8571,0.0,0.0,0.0
COXIM,0.0,142.8571,0.0,0.0,0.0
DEODAPOLIS,0.0,142.8571,0.0,0.0,0.0
DOURADOS,900.0,142.8571,0.0,0.0,100.0
ELDORADO,450.0,142.8571,0.0,0.0,0.0
FATIMA DO SUL,0.0,142.8571,0.0,0.0,0.0
IVINHEMA,0.0,142.8571,0.0,0.0,0.0
JARDIM,0.0,142.1092,0.0,0.0,0.0
MARACAJU,0.0,142.8571,0.0,0.0,0.0
MIRANDA,0.0,142.8571,0.0,0.0,0.0
NAVIRAI,300.0,133.4895,0.0,0.0,0.0
NIOAQUE,60.0,142.8571,0.0,0.0,100.0
NOVA ANDRADINA,100.0,142.2644,0.0,0.0,0.0
PARANAIBA,700.0,141.7989,0.0,0.0,0.0
PONTA PORA,700.0,142.8571,0.0,0.0,100.0
PORTO MURTINHO,0.0,142.8571,0.0,0.0,0.0
RIBAS DO RIO PARDO,0.0,142.8571,0.0,0.0,0.0
RIO BRILHANTE,50.0,142.8571,0.0,0.0,0.0
RIO VERDE DE MATO GROSSO,0.0,142.8571,0.0,0.0,100.0
SAO GABRIEL DO OESTE,0.0,141.3844,0.0,0.0,0.0
SIDROLANDIA,0.0,142.0068,0.0,0.0,0.0
SONORA,0.0,141.7051,0.0,0.0,0.0
TRES LAGOAS,400.0,142.8571,0.0,0.0,50.0
ÁGUA CLARA,0.0,142.8571,0.0,0.0,0.0
ALTA FLORESTA,0.0,142.8571,0.0,0.0,0.0
ALTO ARAGUAIA,0.0,142.8571,0.0,0.0,0.0
ARAPUTANGA,0.0,142.8571,0.0,0.0,0.0
ARENAPOLIS,0.0,142.8571,0.0,0.0,0.0
ARIPUANA,0.0,142.8571,0.0,0.0,0.0
BARRA DO BUGRES,0.0,142.1092,0.0,0.0,0.0
BARRA DO GARCAS,0.0,142.8571,0.0,0.0,0.0
BRASNORTE,0.0,142.8571,0.0,0.0,0.0
CACERES,0.0,104.3956,0.0,0.0,0.0
CAMPO NOVO DO PARECIS,0.0,142.8571,0.0,0.0,0.0
CAMPO VERDE,0.0,141.8853,0.0,0.0,0.0
CHAPADA DOS GUIMARAES,0.0,142.8571,0.0,0.0,0.0
CLAUDIA,0.0,142.8571,0.0,0.0,0.0
COLIDER,0.0,142.8571,0.0,0.0,0.0
COMODORO,0.0,142.8571,0.0,0.0,0.0
COTRIGUACU,0.0,142.8571,0.0,0.0,0.0
CUIABA,0.0,140.0922,0.0,0.0,0.0
DIAMANTINO,0.0,142.8571,0.0,0.0,0.0
GUARANTA DO NORTE,0.0,142.8571,0.0,0.0,0.0
GUIRATINGA,0.0,142.8571,0.0,0.0,0.0
JACIARA,0.0,135.2381,0.0,0.0,0.0
JUARA,0.0,142.8571,0.0,0.0,0.0
JUINA,0.0,142.8571,0.0,0.0,0.0
LUCAS DO RIO VERDE,0.0,142.8571,0.0,0.0,0.0
MIRASSOL D OESTE,0.0,142.8571,0.0,0.0,0.0
NOVA MONTE VERDE,0.0,142.8571,0.0,0.0,0.0
NOVA MUTUM,0.0,142.8571,0.0,0.0,0.0
NOVA XAVANTINA,0.0,71.4286,0.0,0.0,0.0
PARANATINGA,0.0,142.8571,0.0,0.0,0.0
PEDRA PRETA,0.0,142.8571,0.0,0.0,0.0
PEIXOTO DE AZEVEDO,0.0,142.2594,0.0,0.0,0.0
POCONE,0.0,141.3994,0.0,0.0,0.0
PONTES E LACERDA,0.0,141.7097,0.0,0.0,0.0
PORTO ALEGRE DO NORTE,0.0,142.8571,0.0,0.0,0.0
POXOREO,0.0,142.8571,0.0,0.0,0.0
PRIMAVERA DO LESTE,0.0,142.2306,0.0,0.0,0.0
QUERENCIA,0.0,137.0262,0.0,0.0,0.0
RONDONOPOLIS,0.0,142.8571,0.0,0.0,0.0
ROSARIO OESTE,0.0,142.8571,0.0,0.0,0.0
SANTO ANTONIO DO LEVERGER,0.0,142.8571,0.0,0.0,0.0
SAO FELIX DO ARAGUAIA,0.0,142.8571,0.0,0.0,0.0
SAO JOSE DO RIO CLARO,0.0,141.7989,0.0,0.0,0.0
SAO JOSE DOS QUATRO MARCOS,0.0,142.8571,0.0,0.0,0.0
SAPEZAL,0.0,141.7666,0.0,0.0,0.0
SINOP,0.0,142.8571,0.0,0.0,0.0
SORRISO,0.0,142.8571,0.0,0.0,0.0
TANGARA DA SERRA,0.0,142.8571,0.0,0.0,0.0
VARZEA GRANDE,0.0,140.8785,0.0,0.0,0.0
VERA,0.0,142.8571,0.0,0.0,0.0
VILA RICA,0.0,142.8571,0.0,0.0,0.0
ÁGUA BOA,0.0,142.0266,0.0,0.0,0.0
ABAETETUBA,350.0,142.3628,0.0,0.0,100.0
ACARÁ,5.0,142.8571,0.0,0.0,0.0
AFUÁ,0.0,142.8571,0.0,0.0,0.0
ALENQUER,54.5455,142.288,0.0,0.0,0.0
ALMEIRIM,0.0,142.8571,0.0,0.0,0.0
ALTAMIRA,40.0,142.8571,0.0,0.0,0.0
ANANINDEUA,11.1111,142.8571,0.0,0.0,0.0
AUGUSTO CORREA,100.0,142.8571,0.0,0.0,0.0
BAIÃO,20.0,142.8571,0.0,0.0,0.0
BARCARENA,0.0,142.8571,0.0,0.0,0.0
BELEM,84.5361,140.2325,0.0,0.0,20.438
BRAGANCA,100.0,142.8571,0.0,0.0,100.0
BREU BRANCO,0.0,142.8571,0.0,0.0,0.0
BREVES,16.6667,142.3488,0.0,0.0,0.0
CACHOEIRA DO ARARI,33.3333,142.8571,0.0,0.0,0.0
CAMETA,0.0,142.8571,0.0,0.0,0.0
CAPANEMA,33.3333,142.8571,0.0,0.0,0.0
CAPITAO POCO,0.0,142.8571,0.0,0.0,0.0
CASTANHAL,0.0,142.317,0.0,0.0,0.0
CHAVES,0.0,142.8571,0.0,0.0,0.0
CONCEICAO DO ARAGUAIA,83.3333,142.8571,0.0,0.0,0.0
CONCORDIA DO PARA,0.0,142.8571,0.0,0.0,0.0
CURIONOPOLIS,60.0,142.8571,0.0,0.0,0.0
CURRALINHO,100.0,142.8571,0.0,0.0,0.0
CURUCA,0.0,142.8571,0.0,0.0,0.0
DOM ELISEU,100.0,140.4461,0.0,0.0,0.0
GARRAFAO DO NORTE,0.0,142.8571,0.0,0.0,0.0
GURUPA,0.0,142.8571,0.0,0.0,0.0
IGARAPE-ACU,66.6667,141.321,0.0,0.0,0.0
IGARAPE-MIRI,10.0,142.8571,0.0,0.0,0.0
ITAITUBA,95.8333,142.2991,0.0,0.0,21.0526
ITUPIRANGA,150.0,142.8571,0.0,0.0,33.3333
JACAREACANGA,133.3333,142.0635,0.0,0.0,0.0
JACUNDA,0.0,142.8571,0.0,0.0,0.0
JURUTI,0.0,139.7289,0.0,0.0,0.0
LIMOEIRO DO AJURU,0.0,142.8571,0.0,0.0,0.0
MAE DO RIO,4.7619,142.4466,0.0,0.0,66.6667
MARABA,23.0769,142.4216,0.0,0.0,0.0
MARACANA,7.6923,134.5238,0.0,0.0,0.0
MARAPANIM,350.0,139.7683,0.0,0.0,0.0
MARITUBA,0.0,142.8571,0.0,0.0,0.0
MEDICILANDIA,0.0,142.8571,0.0,0.0,0.0
MELGACO,100.0,142.8571,0.0,0.0,0.0
MOJU,0.0,142.8571,0.0,0.0,0.0
MONTE ALEGRE,75.0,142.8571,0.0,0.0,0.0
MUANA,84.2105,125.158,0.0,0.0,0.0
NOVA TIMBOTEUA,150.0,141.3454,0.0,0.0,0.0
NOVO PROGRESSO,16.6667,137.1882,0.0,0.0,0.0
NOVO REPARTIMENTO,100.0,142.8571,0.0,0.0,100.0
OBIDOS,0.0,142.8571,0.0,0.0,0.0
OEIRAS DO PARA,100.0,142.8571,0.0,0.0,83.3333
ORIXIMINA,33.3333,142.8571,0.0,0.0,0.0
OUREM,0.0,142.8571,0.0,0.0,0.0
PACAJA,0.0,142.8571,0.0,0.0,0.0
PARAGOMINAS,0.0,142.8571,0.0,0.0,0.0
PARAUAPEBAS,14.2857,140.8163,0.0,0.0,0.0
PONTA DE PEDRAS,0.0,142.8571,0.0,0.0,0.0
PORTEL,0.0,142.8571,0.0,0.0,0.0
PORTO DE MOZ,0.0,142.8571,0.0,0.0,0.0
RIO MARIA,60.0,142.8571,0.0,0.0,0.0
RONDON DO PARA,0.0,142.8571,0.0,0.0,0.0
RUROPOLIS,0.0,141.522,0.0,0.0,0.0
SALINOPOLIS,250.0,141.5624,0.0,0.0,60.0
SANTA ISABEL DO PARA,100.0,142.8571,0.0,0.0,0.0
SANTANA DO ARAGUAIA,0.0,142.8571,0.0,0.0,0.0
SANTAREM,33.3333,142.1429,0.0,0.0,0.0
SAO FELIX DO XINGU,0.0,142.8571,0.0,0.0,0.0
SAO GERALDO DO ARAGUAIA,0.0,142.8571,0.0,0.0,0.0
SAO JOAO DO ARAGUAIA,33.3333,142.8571,0.0,0.0,0.0
SAO MIGUEL DO GUAMA,0.0,142.8571,0.0,0.0,0.0
SAO SEBASTIAO DA BOA VISTA,20.0,139.4286,0.0,0.0,0.0
SENADOR JOSE PORFIRIO,0.0,142.8571,0.0,0.0,0.0
SOURE,50.0,141.8219,0.0,0.0,0.0
TAILANDIA,20.0,142.1208,0.0,0.0,0.0
TERRA SANTA,75.0,142.8571,0.0,0.0,0.0
TOME-ACU,0.0,142.8571,0.0,0.0,0.0
TUCUMA,33.3333,141.6256,0.0,0.0,0.0
TUCURUI,0.0,142.2078,0.0,0.0,0.0
URUARA,23.0769,141.9472,0.0,0.0,0.0
VIGIA,100.0,142.8571,0.0,0.0,0.0
VISEU,50.0,142.8571,0.0,0.0,0.0
XINGUARA,71.4286,142.8571,0.0,0.0,0.0
ANAJÁS,0.0,142.8571,0.0,0.0,0.0
PRAINHA,0.0,142.8571,0.0,0.0,0.0
ALAGOA GRANDE,0.0,139.4692,0.0,0.0,0.0
ALAGOA NOVA,70.0,141.791,0.0,0.0,0.0
ALHANDRA,0.0,139.1941,0.0,0.0,0.0
ARARUNA,80.0,142.8571,0.0,0.0,0.0
AREIA,0.0,142.8571,0.0,0.0,0.0
BANANEIRAS,63.8298,126.2338,0.0,0.0,0.0
BAYEUX,19.0476,140.1869,0.0,0.0,0.0
BOQUEIRÃO,0.0,141.9111,0.0,0.0,0.0
CABEDELO,25.0,137.5,0.0,0.0,0.0
CAJAZEIRAS,200.0,142.8571,0.0,0.0,0.0
CAMPINA GRANDE,143.75,137.745,0.0,0.0,0.0
CATOLE DO ROCHA,0.0,142.8571,0.0,0.0,0.0
CONCEICAO,0.0,142.8571,0.0,0.0,0.0
COREMAS,50.0,140.4358,0.0,0.0,0.0
CUITE,0.0,142.8571,0.0,0.0,0.0
ESPERANCA,0.0,139.1941,0.0,0.0,0.0
GUARABIRA,7.6923,142.8571,0.0,0.0,0.0
GURINHEM,0.0,135.9725,0.0,0.0,0.0
INGA,200.0,142.8571,0.0,0.0,0.0
ITABAIANA,7.1429,137.9731,0.0,0.0,100.0
ITAPORANGA,80.0,142.8571,0.0,0.0,100.0
JACARAU,0.0,140.5056,0.0,0.0,0.0
JOAO PESSOA,117.9487,135.0181,0.0,0.0,20.6612
JUAZEIRINHO,0.0,141.953,0.0,0.0,33.3333
MAMANGUAPE,2.7778,109.8289,0.0,0.0,50.0
MONTEIRO,0.0,142.8571,0.0,0.0,0.0
PATOS,100.0,142.8571,0.0,0.0,0.0
PEDRAS DE FOGO,25.0,142.8571,0.0,0.0,0.0
PIANCÓ,0.0,141.953,0.0,0.0,0.0
PICUÍ,0.0,142.8571,0.0,0.0,0.0
POCINHOS,40.0,135.4839,0.0,0.0,0.0
POMBAL,0.0,142.8571,0.0,0.0,0.0
PRINCESA ISABEL,140.0,142.8571,0.0,0.0,0.0
REMIGIO,0.0,142.8571,0.0,0.0,0.0
RIO TINTO,50.0,142.8571,0.0,0.0,0.0
SANTA RITA,175.0,104.3535,0.0,0.0,36.3636
SAO JOAO DO RIO DO PEIXE,47.619,141.4068,0.0,0.0,100.0
SAO JOSE DE PIRANHAS,0.0,142.8571,0.0,0.0,0.0
SAPE,0.0,137.6936,0.0,0.0,0.0
SERRA BRANCA,0.0,142.8571,0.0,0.0,0.0
SOLANEA,0.0,142.8571,0.0,0.0,0.0
SOLEDADE,48.1481,137.3251,0.0,0.0,100.0
SOUSA,70.0,118.8878,0.0,0.0,0.0
SUME,0.0,138.9961,0.0,0.0,0.0
SÃO BENTO,100.0,139.5349,0.0,0.0,0.0
TAPEROA,0.0,142.8571,0.0,0.0,0.0
TEIXEIRA,6.0606,128.1633,0.0,0.0,33.3333
UMBUZEIRO,30.0,139.3728,0.0,0.0,0.0
ABREU E LIMA,66.6667,142.8571,0.0,0.0,0.0
AFOGADOS DA INGAZEIRA,0.0,140.4151,0.0,0.0,0.0
AFRÂNIO,0.0,142.8571,0.0,0.0,0.0
AGRESTINA,0.0,142.8571,0.0,0.0,0.0
AGUA PRETA,300.0,142.8571,0.0,0.0,0.0
ALTINHO,0.0,142.8571,0.0,0.0,0.0
AMARAJI,0.0,141.791,0.0,0.0,0.0
ARARIPINA,0.0,142.8571,0.0,0.0,0.0
ARCOVERDE,0.0,142.8571,0.0,0.0,0.0
BARREIROS,350.0,139.8268,0.0,0.0,0.0
BELEM DE SAO FRANCISCO,0.0,140.5896,0.0,0.0,0.0
BELO JARDIM,0.0,142.05,0.0,0.0,0.0
BETANIA,0.0,140.3509,0.0,0.0,0.0
BEZERROS,0.0,142.8571,0.0,0.0,0.0
BODOCO,100.0,142.8571,0.0,0.0,0.0
BOM CONSELHO,0.0,141.5584,0.0,0.0,0.0
BREJO DA MADRE DE DEUS,0.0,142.8571,0.0,0.0,0.0
CABO DE SANTO AGOSTINHO,75.0,142.8571,0.0,0.0,0.0
CABROBO,77.7778,142.8571,0.0,0.0,0.0
CAMARAGIBE,0.0,142.8571,0.0,0.0,0.0
CAMOCIM DE SAO FELIX,0.0,142.8571,0.0,0.0,0.0
CAPOEIRAS,0.0,142.8571,0.0,0.0,0.0
CARNAIBA,83.3333,140.873,0.0,0.0,0.0
CARPINA,0.0,141.8093,0.0,0.0,0.0
CARUARU,0.0,142.5044,0.0,0.0,0.0
CATENDE,0.0,142.8571,0.0,0.0,0.0
CONDADO,200.0,142.8571,0.0,0.0,0.0
CORRENTES,0.0,142.8571,0.0,0.0,0.0
CUSTODIA,0.0,142.8571,0.0,0.0,0.0
ESCADA,0.0,142.8571,0.0,0.0,0.0
EXU,0.0,142.8571,0.0,0.0,0.0
FEIRA NOVA,0.0,142.8571,0.0,0.0,0.0
FLORES,0.0,142.8571,0.0,0.0,0.0
FLORESTA,0.0,136.2637,0.0,0.0,0.0
GARANHUNS,16.6667,142.2925,0.0,0.0,0.0
GLORIA DO GOITA,0.0,141.7497,0.0,0.0,0.0
GOIANA,0.0,142.8571,0.0,0.0,0.0
GRAVATA,0.0,142.8571,0.0,0.0,0.0
IBIMIRIM,93.75,142.8571,0.0,0.0,0.0
IGARASSU,0.0,142.8571,0.0,0.0,0.0
ILHA DE ITAMARACÁ,0.0,142.8571,0.0,0.0,0.0
INAJA,0.0,142.8571,0.0,0.0,0.0
IPOJUCA,0.0,142.8571,0.0,0.0,0.0
ITAPETIM,0.0,142.8571,0.0,0.0,0.0
ITAÍBA,0.0,142.8571,0.0,0.0,0.0
JABOATAO DOS GUARARAPES,150.0,142.8571,0.0,0.0,0.0
JOAO ALFREDO,0.0,142.8571,0.0,0.0,0.0
LAJEDO,0.0,142.8571,0.0,0.0,0.0
LIMOEIRO,0.0,142.8571,0.0,0.0,0.0
MACAPARANA,0.0,142.0546,0.0,0.0,0.0
MIRANDIBA,100.0,142.8571,0.0,0.0,0.0
MORENO,0.0,141.5643,0.0,0.0,0.0
NAZARE DA MATA,66.6667,142.3662,0.0,0.0,0.0
OLINDA,50.0,140.2908,0.0,0.0,0.0
OURICURI,0.0,142.8571,0.0,0.0,0.0
PALMARES,0.0,142.8571,0.0,0.0,0.0
PARNAMIRIM,47.3684,142.8571,0.0,0.0,0.0
PASSIRA,20.0,142.8571,0.0,0.0,0.0
PAULISTA,50.0,141.9671,0.0,0.0,0.0
PEDRA,0.0,142.8571,0.0,0.0,0.0
PESQUEIRA,0.0,142.8571,0.0,0.0,0.0
PETROLANDIA,0.0,142.8571,0.0,0.0,0.0
PETROLINA,0.0,142.8571,0.0,0.0,0.0
QUIPAPA,0.0,141.7323,0.0,0.0,0.0
RECIFE,29.5082,137.101,0.0,0.0,0.0
RIBEIRAO,0.0,142.8571,0.0,0.0,0.0
RIO FORMOSO,150.0,140.734,0.0,0.0,0.0
SALGUEIRO,0.0,141.8984,0.0,0.0,0.0
SANTA CRUZ DO CAPIBARIBE,0.0,142.8571,0.0,0.0,0.0
SANTA MARIA DA BOA VISTA,100.0,142.8571,0.0,0.0,0.0
SAO BENTO DO UNA,0.0,140.8163,0.0,0.0,0.0
SAO CAITANO,0.0,142.8571,0.0,0.0,0.0
SAO JOAO,0.0,142.8571,0.0,0.0,0.0
SAO JOSE DO EGITO,0.0,142.8571,0.0,0.0,0.0
SAO LOURENCO DA MATA,0.0,142.8571,0.0,0.0,0.0
SERRA TALHADA,50.0,142.2811,0.0,0.0,0.0
SERRITA,0.0,142.8571,0.0,0.0,0.0
SERTANIA,50.0,142.8571,0.0,0.0,0.0
SURUBIM,40.0,141.4357,0.0,0.0,0.0
TABIRA,0.0,141.5929,0.0,0.0,0.0
TAQUARITINGA DO NORTE,0.0,142.8571,0.0,0.0,0.0
TIMBAUBA,0.0,142.8571,0.0,0.0,0.0
TORITAMA,0.0,142.8571,0.0,0.0,0.0
VERTENTES,0.0,142.8571,0.0,0.0,0.0
VITORIA DE SANTO ANTAO,24.0,139.2857,0.0,0.0,0.0
AGUAS BELAS,0.0,142.8571,0.0,0.0,0.0
BUIQUE,0.0,142.8571,0.0,0.0,0.0
LAGOA GRANDE,0.0,142.8571,0.0,0.0,0.0
PAUDALHO,0.0,142.8571,0.0,0.0,0.0
SALOA,0.0,142.8571,0.0,0.0,0.0
SAO JOSE DO BELMONTE,0.0,0.0,0.0,0.0,0.0
TACARATU,0.0,142.8571,0.0,0.0,0.0
VENTUROSA,0.0,142.8571,0.0,0.0,0.0
ALTOS,33.3333,139.8433,0.0,0.0,33.3333
AMARANTE,100.0,141.8219,0.0,0.0,0.0
AVELINO LOPES,0.0,140.3509,0.0,0.0,0.0
BARRAS,50.0,135.7143,0.0,0.0,0.0
BARRO DURO,6.6667,140.6593,0.0,0.0,0.0
BOM JESUS,66.6667,140.0742,0.0,0.0,0.0
BURITI DOS LOPES,0.0,137.1429,0.0,0.0,0.0
CAMPO MAIOR,52.1739,136.9963,0.0,0.0,40.0
CANTO DO BURITI,33.3333,142.8571,0.0,0.0,0.0
CARACOL,53.8462,142.8571,0.0,0.0,0.0
CASTELO DO PIAUI,14.2857,103.8961,0.0,0.0,0.0
COCAL,0.0,135.2041,0.0,0.0,66.6667
CORRENTE,55.5556,142.8571,0.0,0.0,0.0
CRISTINO CASTRO,13.6364,82.2511,0.0,0.0,0.0
DEMERVAL LOBAO,0.0,135.0294,0.0,0.0,0.0
ELESBAO VELOSO,0.0,141.5701,0.0,0.0,0.0
ESPERANTINA,11.1111,140.2359,0.0,0.0,0.0
FLORIANO,233.3333,136.6947,0.0,0.0,0.0
FRONTEIRAS,0.0,142.8571,0.0,0.0,0.0
GILBUES,33.3333,141.8719,0.0,0.0,0.0
GUADALUPE,0.0,142.8571,0.0,0.0,0.0
INHUMA,25.0,139.7516,0.0,0.0,0.0
ITAINOPOLIS,100.0,128.5714,0.0,0.0,0.0
ITAUEIRA,0.0,141.136,0.0,0.0,0.0
JAICOS,0.0,142.8571,0.0,0.0,0.0
JERUMENHA,0.0,142.8571,0.0,0.0,0.0
JOSE DE FREITAS,100.0,141.196,0.0,0.0,0.0
LUIS CORREIA,8.3333,138.7755,0.0,0.0,0.0
LUZILANDIA,0.0,138.9961,0.0,0.0,0.0
MANOEL EMIDIO,0.0,141.783,0.0,0.0,0.0
MATIAS OLIMPIO,0.0,141.0935,0.0,0.0,75.0
MIGUEL ALVES,100.0,142.8571,0.0,0.0,0.0
MONSENHOR GIL,14.2857,138.2979,0.0,0.0,0.0
OEIRAS,111.1111,138.1579,0.0,0.0,0.0
PADRE MARCOS,0.0,142.8571,0.0,0.0,0.0
PAES LANDIM,0.0,0.0,0.0,0.0,0.0
PARNAGUA,66.6667,141.522,0.0,0.0,0.0
PARNAIBA,30.0,140.3421,0.0,0.0,20.0
PAULISTANA,100.0,142.8571,0.0,0.0,0.0
PEDRO II,5.8824,114.5125,0.0,0.0,0.0
PICOS,40.0,134.5848,0.0,0.0,0.0
PIMENTEIRAS,0.0,0.0,0.0,0.0,0.0
PIO IX,90.0,142.8571,0.0,0.0,0.0
PIRACURUCA,0.0,138.3459,0.0,0.0,0.0
PIRIPIRI,28.5714,112.6374,0.0,0.0,0.0
PORTO,0.0,124.3043,0.0,0.0,0.0
REGENERACAO,0.0,142.8571,0.0,0.0,0.0
RIBEIRO GONCALVES,25.0,135.7143,0.0,0.0,0.0
SAO JOAO DO PIAUI,48.0,124.092,0.0,0.0,0.0
SAO MIGUEL DO TAPUIO,72.7273,132.6531,0.0,0.0,0.0
SAO PEDRO DO PIAUI,118.1818,132.7434,0.0,0.0,0.0
SAO RAIMUNDO NONATO,180.0,140.444,0.0,0.0,0.0
SIMOES,33.3333,130.1587,0.0,0.0,0.0
SIMPLICIO MENDES,300.0,140.8451,0.0,0.0,0.0
TERESINA,48.6239,139.8176,0.0,100.0,38.2353
UNIAO,0.0,137.5167,0.0,0.0,0.0
URUCUI,27.7778,136.8421,0.0,0.0,0.0
VALENCA DO PIAUI,0.0,142.1393,0.0,0.0,0.0
ANGICAL DO PIAUI,0.0,0.0,0.0,0.0,0.0
AROAZES,0.0,0.0,0.0,0.0,0.0
ARRAIAL,0.0,0.0,0.0,0.0,0.0
CAMPINAS DO PIAUI,0.0,0.0,0.0,0.0,0.0
CAPITAO DE CAMPOS,0.0,142.8571,0.0,0.0,0.0
CONCEICAO DO CANINDE,0.0,0.0,0.0,0.0,0.0
JOAQUIM PIRES,0.0,0.0,0.0,0.0,0.0
LANDRI SALES,0.0,0.0,0.0,0.0,0.0
PALMEIRAIS,0.0,0.0,0.0,0.0,0.0
ALMIRANTE TAMANDARÉ,63.6364,141.9016,0.0,0.0,100.0
ALTO PARANA,0.0,142.8571,0.0,0.0,0.0
ALTO PIQUIRI,0.0,142.8571,0.0,0.0,0.0
ALTONIA,0.0,142.8571,0.0,0.0,0.0
ANDIRA,0.0,142.8571,0.0,0.0,0.0
ANTONINA,0.0,142.8571,0.0,0.0,0.0
APUCARANA,0.0,142.8571,0.0,0.0,0.0
ARAPONGAS,0.0,141.8651,0.0,0.0,0.0
ARAPOTI,0.0,142.8571,0.0,0.0,0.0
ARAUCARIA,0.0,142.8571,0.0,0.0,0.0
ASSAI,0.0,142.8571,0.0,0.0,0.0
ASSIS CHATEAUBRIAND,0.0,142.8571,0.0,0.0,0.0
ASTORGA,0.0,142.8571,0.0,0.0,0.0
BARBOSA FERRAZ,0.0,140.8451,0.0,0.0,0.0
BARRACAO,0.0,142.8571,0.0,0.0,0.0
BELA VISTA DO PARAISO,0.0,142.8571,0.0,0.0,0.0
CAMBARA,0.0,0.0,0.0,0.0,0.0
CAMBE,0.0,142.8571,0.0,0.0,0.0
CAMPINA DA LAGOA,0.0,142.8571,0.0,0.0,0.0
CAMPINA GRANDE DO SUL,0.0,142.8571,0.0,0.0,0.0
CAMPO LARGO,125.0,142.8571,0.0,0.0,0.0
CAMPO MOURAO,100.0,142.8571,0.0,0.0,0.0
CANDIDO DE ABREU,0.0,142.8571,0.0,0.0,0.0
CANTAGALO,0.0,142.3841,0.0,0.0,0.0
CASTRO,0.0,142.8571,0.0,0.0,0.0
CATANDUVAS,0.0,142.8571,0.0,0.0,0.0
CENTENARIO DO SUL,200.0,142.8571,0.0,0.0,0.0
CERRO AZUL,133.3333,140.2116,0.0,0.0,0.0
CHOPINZINHO,0.0,142.8571,0.0,0.0,0.0
CIANORTE,7.1429,142.0807,0.0,0.0,0.0
CIDADE GAUCHA,100.0,141.6149,0.0,0.0,0.0
CLEVELANDIA,0.0,142.8571,0.0,0.0,0.0
COLOMBO,100.0,142.8571,0.0,0.0,0.0
COLORADO,300.0,142.8571,0.0,0.0,0.0
CONGONHINHAS,0.0,142.8571,0.0,0.0,0.0
CORBELIA,0.0,142.8571,0.0,0.0,0.0
CORNELIO PROCOPIO,200.0,139.4958,0.0,0.0,100.0
CORONEL VIVIDA,0.0,142.8571,0.0,0.0,0.0
CRUZEIRO DO OESTE,0.0,142.8571,0.0,0.0,0.0
CURITIBA,172.0,140.3201,0.0,0.0,31.4815
CURIUVA,0.0,142.8571,0.0,0.0,0.0
DOIS VIZINHOS,0.0,142.8571,0.0,0.0,0.0
ENGENHEIRO BELTRAO,0.0,142.8571,0.0,0.0,0.0
FAXINAL,0.0,142.8571,0.0,0.0,0.0
FAZENDA RIO GRANDE,0.0,142.8571,0.0,0.0,0.0
FORMOSA DO OESTE,0.0,139.5349,0.0,0.0,0.0
FOZ DO IGUACU,300.0,139.2857,0.0,0.0,0.0
FRANCISCO BELTRAO,0.0,142.8571,0.0,0.0,0.0
GOIOERE,0.0,131.4016,0.0,0.0,0.0
GRANDES RIOS,0.0,142.8571,0.0,0.0,0.0
GUAIRA,40.0,142.8571,0.0,0.0,0.0
GUARANIACU,0.0,142.8571,0.0,0.0,0.0
GUARAPUAVA,0.0,142.0932,0.0,0.0,0.0
GUARATUBA,0.0,142.8571,0.0,0.0,0.0
IBAITI,0.0,141.7666,0.0,0.0,0.0
IBIPORA,33.3333,141.7004,0.0,0.0,0.0
ICARAIMA,50.0,142.8571,0.0,0.0,0.0
IMBITUVA,0.0,141.9587,0.0,0.0,0.0
IPIRANGA,0.0,142.8571,0.0,0.0,0.0
IRATI,150.0,142.8571,0.0,0.0,0.0
IRETAMA,300.0,142.8571,0.0,0.0,0.0
IVAIPORA,0.0,142.8571,0.0,0.0,0.0
JACAREZINHO,0.0,142.8571,0.0,0.0,0.0
JAGUAPITA,100.0,142.8571,0.0,0.0,0.0
JAGUARIAIVA,100.0,142.8571,0.0,0.0,0.0
JANDAIA DO SUL,44.4444,142.8571,0.0,0.0,0.0
JOAQUIM TAVORA,0.0,142.8571,0.0,0.0,0.0
LAPA,20.0,142.8571,0.0,0.0,0.0
LARANJEIRAS DO SUL,0.0,142.8571,0.0,0.0,0.0
LOANDA,200.0,142.8571,0.0,0.0,0.0
LONDRINA,71.4286,142.1283,0.0,0.0,0.0
MALLET,0.0,142.8571,0.0,0.0,0.0
MAMBORE,0.0,142.8571,0.0,0.0,0.0
MANDAGUACU,0.0,142.8571,0.0,0.0,0.0
MANDAGUARI,0.0,142.8571,0.0,0.0,0.0
MANGUEIRINHA,0.0,141.0935,0.0,0.0,0.0
MANOEL RIBAS,0.0,142.8571,0.0,0.0,0.0
MARECHAL CANDIDO RONDON,0.0,142.8571,0.0,0.0,0.0
MARIALVA,0.0,141.5701,0.0,0.0,0.0
MARILANDIA DO SUL,0.0,142.8571,0.0,0.0,0.0
MARINGA,63.6364,142.8571,0.0,0.0,0.0
MARMELEIRO,0.0,142.8571,0.0,0.0,0.0
MATELANDIA,42.8571,142.8571,0.0,0.0,0.0
MATINHOS,300.0,142.557,0.0,0.0,33.3333
MEDIANEIRA,0.0,142.8571,0.0,0.0,0.0
MORRETES,0.0,142.8571,0.0,0.0,0.0
NOVA ESPERANCA,0.0,142.8571,0.0,0.0,0.0
NOVA FATIMA,0.0,142.8571,0.0,0.0,0.0
NOVA LONDRINA,0.0,142.8571,0.0,0.0,0.0
ORTIGUEIRA,100.0,141.8651,0.0,0.0,0.0
PAICANDU,0.0,142.8571,0.0,0.0,0.0
PALMAS,46.6667,140.7532,0.0,0.0,0.0
PALMEIRA,0.0,142.8571,0.0,0.0,0.0
PALMITAL,160.0,142.8571,0.0,0.0,0.0
PALOTINA,0.0,142.8571,0.0,0.0,0.0
PARAISO DO NORTE,0.0,140.9266,0.0,0.0,0.0
PARANACITY,0.0,142.8571,0.0,0.0,0.0
PARANAGUA,80.0,142.4762,0.0,0.0,0.0
PARANAVAI,62.5,139.916,0.0,0.0,0.0
PATO BRANCO,100.0,142.8571,0.0,0.0,0.0
PEABIRU,21.4286,142.8571,0.0,0.0,0.0
PEROLA,0.0,142.8571,0.0,0.0,0.0
PINHAIS,0.0,142.8571,0.0,0.0,0.0
PIRAQUARA,0.0,142.8571,0.0,0.0,0.0
PITANGA,0.0,142.8571,0.0,0.0,0.0
PONTA GROSSA,100.0,142.8571,0.0,0.0,0.0
PORECATU,0.0,142.8571,0.0,0.0,0.0
PRUDENTOPOLIS,0.0,142.8571,0.0,0.0,0.0
QUEDAS DO IGUACU,30.0,140.9002,0.0,0.0,0.0
REALEZA,0.0,142.8571,0.0,0.0,0.0
REBOUCAS,100.0,141.8144,0.0,0.0,0.0
RESERVA,100.0,142.8571,0.0,0.0,0.0
RIBEIRAO CLARO,0.0,142.8571,0.0,0.0,0.0
RIBEIRAO DO PINHAL,33.3333,141.8719,0.0,0.0,0.0
RIO BRANCO DO SUL,0.0,142.8571,0.0,0.0,0.0
RIO NEGRO,0.0,142.8571,0.0,0.0,0.0
ROLANDIA,0.0,140.3509,0.0,0.0,0.0
SALTO DO LONTRA,50.0,141.2056,0.0,0.0,0.0
SANTA FE,100.0,142.8571,0.0,0.0,0.0
SANTA ISABEL DO IVAI,0.0,141.7411,0.0,0.0,0.0
SANTA MARIANA,0.0,138.5281,0.0,0.0,100.0
SANTO ANTONIO DA PLATINA,0.0,142.8571,0.0,0.0,0.0
SANTO ANTONIO DO SUDOESTE,66.6667,142.8571,0.0,0.0,0.0
SAO JERONIMO DA SERRA,0.0,142.8571,0.0,0.0,0.0
SAO JOAO DO IVAI,0.0,142.8571,0.0,0.0,0.0
SAO JOSE DOS PINHAIS,50.0,142.2136,0.0,0.0,0.0
SAO MATEUS DO SUL,0.0,142.8571,0.0,0.0,0.0
SAO MIGUEL DO IGUACU,50.0,141.0373,0.0,0.0,0.0
SARANDI,16.6667,137.8092,0.0,0.0,0.0
SENGES,200.0,142.8571,0.0,0.0,100.0
SERTANOPOLIS,100.0,141.0138,0.0,0.0,0.0
SIQUEIRA CAMPOS,200.0,142.8571,0.0,0.0,0.0
TEIXEIRA SOARES,0.0,0.0,0.0,0.0,0.0
TELEMACO BORBA,0.0,142.8571,0.0,0.0,0.0
TERRA BOA,0.0,142.8571,0.0,0.0,0.0
TERRA RICA,0.0,142.8571,0.0,0.0,0.0
TERRA ROXA,0.0,142.8571,0.0,0.0,0.0
TIBAGI,0.0,142.8571,0.0,0.0,0.0
TOLEDO,60.0,142.8571,0.0,0.0,0.0
TOMAZINA,0.0,142.8571,0.0,0.0,0.0
UBIRATA,0.0,141.7497,0.0,0.0,0.0
UMUARAMA,0.0,142.8571,0.0,0.0,0.0
UNIAO DA VITORIA,0.0,142.8571,0.0,0.0,0.0
URAI,0.0,142.8571,0.0,0.0,0.0
WENCESLAU BRAZ,0.0,142.8571,0.0,0.0,0.0
XAMBRE,0.0,142.8571,0.0,0.0,0.0
BOCAIUVA DO SUL,200.0,142.8571,0.0,0.0,0.0
CAPITAO LEONIDAS MARQUES,26.4706,132.1839,0.0,0.0,0.0
CARLOPOLIS,0.0,142.8571,0.0,0.0,0.0
PINHAO,0.0,142.8571,0.0,0.0,0.0
PIRAI DO SUL,100.0,132.7434,0.0,0.0,0.0
SAO JOAO DO TRIUNFO,0.0,0.0,0.0,0.0,0.0
ANGRA DOS REIS,33.3333,141.1632,0.0,0.0,0.0
ARARUAMA,0.0,137.5205,0.0,0.0,0.0
ARMACAO DOS BUZIOS,61.1111,141.4966,0.0,0.0,0.0
ARRAIAL DO CABO,0.0,136.8631,0.0,0.0,0.0
BARRA DO PIRAI,16.6667,132.3459,0.0,0.0,0.0
BARRA MANSA,0.0,142.2717,0.0,0.0,0.0
BELFORD ROXO,0.0,139.8496,0.0,0.0,0.0
BOM JESUS DO ITABAPOANA,0.0,140.3941,0.0,0.0,0.0
CABO FRIO,0.0,137.6243,0.0,0.0,0.0
CACHOEIRAS DE MACACU,50.0,141.196,0.0,0.0,0.0
CAMBUCI,0.0,142.8571,0.0,0.0,0.0
CAMPOS DOS GOYTACAZES,0.0,135.7365,0.0,0.0,0.0
CARMO,0.0,141.4702,0.0,0.0,0.0
CASIMIRO DE ABREU,0.0,142.8571,0.0,0.0,0.0
CONCEICAO DE MACABU,87.5,130.2521,0.0,0.0,0.0
CORDEIRO,0.0,142.8571,0.0,0.0,0.0
DUQUE DE CAXIAS,0.0,139.3005,0.0,0.0,0.0
ENGENHEIRO PAULO DE FRONTIN,0.0,129.5863,0.0,0.0,0.0
GUAPIMIRIM,0.0,76.3547,0.0,0.0,0.0
IGUABA GRANDE,0.0,136.9048,0.0,0.0,0.0
ITABORAI,0.0,141.1863,0.0,0.0,0.0
ITAGUAI,0.0,141.4357,0.0,0.0,0.0
ITALVA,0.0,142.8571,0.0,0.0,0.0
ITAOCARA,0.0,142.8571,0.0,0.0,0.0
ITAPERUNA,50.0,139.2729,0.0,0.0,0.0
JAPERI,100.0,141.252,0.0,0.0,0.0
MACAE,0.0,140.2214,0.0,0.0,0.0
MAGE,0.0,132.6531,0.0,0.0,0.0
MANGARATIBA,0.0,139.9885,0.0,0.0,0.0
MARICA,0.0,140.9266,0.0,0.0,0.0
MENDES,0.0,142.8571,0.0,0.0,0.0
MIGUEL PEREIRA,0.0,142.8571,0.0,0.0,0.0
MIRACEMA,0.0,139.2857,0.0,0.0,0.0
NATIVIDADE,0.0,142.2107,0.0,0.0,0.0
NITEROI,0.0,140.838,0.0,0.0,0.0
NOVA FRIBURGO,0.0,142.8571,0.0,0.0,0.0
NOVA IGUACU,0.0,141.0788,0.0,0.0,0.0
PARACAMBI,37.5,142.8571,0.0,0.0,0.0
PARAIBA DO SUL,0.0,142.8571,0.0,0.0,0.0
PARATI,0.0,142.2165,0.0,0.0,0.0
PETROPOLIS,28.5714,137.457,0.0,0.0,0.0
PIRAI,0.0,142.8571,0.0,0.0,0.0
PORCIUNCULA,0.0,130.2739,0.0,0.0,0.0
PORTO REAL,0.0,142.8571,0.0,0.0,0.0
QUEIMADOS,0.0,141.7937,0.0,0.0,0.0
QUISSAMA,0.0,134.4985,0.0,0.0,0.0
RESENDE,20.0,134.3601,0.0,0.0,0.0
RIO BONITO,0.0,112.917,0.0,0.0,0.0
RIO CLARO,111.7647,139.4759,0.0,0.0,14.2857
RIO DAS OSTRAS,0.0,136.5876,0.0,0.0,0.0
RIO DE JANEIRO,32.0755,104.8869,0.0,0.0,0.0
SANTO ANTONIO DE PADUA,0.0,142.8571,0.0,0.0,0.0
SAO FIDELIS,0.0,142.8571,0.0,0.0,0.0
SAO FRANCISCO DE ITABAPOANA,0.0,142.8571,0.0,0.0,0.0
SAO GONCALO,100.0,119.0476,0.0,0.0,0.0
SAO JOAO DA BARRA,6.25,141.136,0.0,0.0,0.0
SAO JOAO DE MERITI,0.0,136.3636,0.0,0.0,0.0
SAO PEDRO DA ALDEIA,0.0,132.7801,0.0,0.0,0.0
SAO SEBASTIAO DO ALTO,0.0,139.881,0.0,0.0,0.0
SAPUCAIA,0.0,140.8451,0.0,0.0,0.0
SAQUAREMA,0.0,139.7125,0.0,0.0,0.0
SEROPEDICA,0.0,84.8927,0.0,0.0,0.0
SILVA JARDIM,10.0,142.8571,0.0,0.0,0.0
SUMIDOURO,0.0,102.0408,0.0,0.0,0.0
TERESOPOLIS,0.0,142.471,0.0,0.0,0.0
TRES RIOS,3.4483,135.2622,0.0,0.0,0.0
VASSOURAS,0.0,142.8571,0.0,0.0,0.0
VOLTA REDONDA,0.0,142.1865,0.0,0.0,0.0
NILOPOLIS,0.0,142.8571,0.0,0.0,0.0
SAO JOSE DO VALE DO RIO PRETO,0.0,142.8571,0.0,0.0,0.0
ACARI,0.0,141.4286,0.0,0.0,0.0
ALEXANDRIA,72.7273,141.5701,0.0,0.0,0.0
ANGICOS,73.3333,141.1463,0.0,0.0,0.0
APODI,0.0,142.0591,0.0,0.0,0.0
AREIA BRANCA,44.1176,141.3127,0.0,0.0,0.0
AÇU,93.75,142.2668,0.0,0.0,0.0
CAICO,22.2222,142.8571,0.0,100.0,100.0
CANGUARETAMA,33.3333,141.4634,0.0,0.0,0.0
CARAUBAS,0.0,142.8571,0.0,0.0,0.0
CEARA-MIRIM,42.1053,142.3948,0.0,0.0,0.0
CURRAIS NOVOS,0.0,139.9885,0.0,0.0,0.0
EXTREMOZ,85.7143,140.4959,0.0,0.0,100.0
FLORANIA,0.0,142.8571,0.0,0.0,0.0
GOIANINHA,0.0,141.1255,0.0,0.0,0.0
JOAO CAMARA,36.9565,142.8571,0.0,0.0,0.0
JUCURUTU,0.0,142.8571,0.0,0.0,0.0
LAJES,97.1429,142.8571,0.0,0.0,0.0
LUIS GOMES,100.0,142.8571,0.0,0.0,0.0
MACAIBA,63.8889,141.5584,0.0,0.0,0.0
MACAU,25.0,140.553,0.0,0.0,0.0
MARTINS,0.0,142.8571,0.0,0.0,0.0
MOSSORO,35.2941,141.4835,0.0,0.0,0.0
NATAL,52.7778,137.3349,0.0,0.0,26.6667
NISIA FLORESTA,8.6957,142.8571,0.0,0.0,0.0
NOVA CRUZ,0.0,142.8571,0.0,0.0,0.0
PARELHAS,0.0,142.8571,0.0,0.0,0.0
PATU,96.2963,142.8571,0.0,0.0,0.0
PAU DOS FERROS,76.9231,142.2194,0.0,0.0,0.0
PENDENCIAS,0.0,142.8571,0.0,0.0,0.0
PORTALEGRE,57.1429,142.8571,0.0,0.0,0.0
SANTA CRUZ,35.8491,142.8571,0.0,0.0,0.0
SANTO ANTONIO,21.4286,127.8983,0.0,0.0,0.0
SAO BENTO DO NORTE,21.0526,140.3509,0.0,0.0,0.0
SAO JOSE DE MIPIBU,63.1579,142.8571,0.0,0.0,0.0
SAO JOSE DO CAMPESTRE,0.0,140.4151,0.0,0.0,0.0
SAO MIGUEL,69.2308,142.8571,0.0,0.0,0.0
SAO PAULO DO POTENGI,106.0606,142.8571,0.0,0.0,0.0
SAO TOME,0.0,142.8571,0.0,0.0,0.0
TANGARA,37.5,142.8571,0.0,0.0,100.0
UMARIZAL,69.2308,142.8571,0.0,0.0,0.0
TOUROS,0.0,142.8571,0.0,0.0,0.0
ALTA FLORESTA D OESTE,0.0,142.8571,0.0,0.0,0.0
ALVORADA D OESTE,0.0,142.8571,0.0,0.0,0.0
ARIQUEMES,0.0,142.5027,0.0,0.0,0.0
CACOAL,0.0,142.8571,0.0,0.0,0.0
CEREJEIRAS,0.0,142.8571,0.0,0.0,0.0
COLORADO DO OESTE,0.0,142.3339,0.0,0.0,0.0
COSTA MARQUES,0.0,142.8571,0.0,0.0,0.0
ESPIGAO D OESTE,0.0,140.7563,0.0,0.0,50.0
GUAJARA-MIRIM,50.0,142.8571,0.0,0.0,0.0
JARU,100.0,142.8571,0.0,0.0,0.0
JI-PARANA,0.0,142.8571,0.0,0.0,0.0
MACHADINHO D OESTE,0.0,142.8571,0.0,0.0,0.0
OURO PRETO DO OESTE,100.0,142.8571,0.0,0.0,0.0
PIMENTA BUENO,200.0,142.8571,0.0,0.0,100.0
PORTO VELHO,114.0351,138.3884,0.0,50.0,25.0
ROLIM DE MOURA,4.3478,142.8571,0.0,0.0,0.0
SANTA LUZIA D OESTE,0.0,142.8571,0.0,0.0,0.0
SAO MIGUEL DO GUAPORE,0.0,142.8571,0.0,0.0,0.0
VILHENA,0.0,142.8571,0.0,0.0,0.0
NOVA BRASILANDIA D OESTE,0.0,0.0,0.0,0.0,0.0
ALTO ALEGRE,100.0,140.8163,0.0,0.0,0.0
BOA VISTA,34.8837,141.159,0.0,0.0,0.0
CARACARAI,0.0,142.8571,0.0,0.0,0.0
MUCAJAI,0.0,137.0656,0.0,0.0,0.0
PACARAIMA,0.0,141.4286,0.0,0.0,0.0
RORAINOPOLIS,0.0,142.8571,0.0,0.0,0.0
SAO LUIZ,0.0,141.8651,0.0,0.0,0.0
ALEGRETE,60.0,139.1626,0.0,0.0,0.0
ALVORADA,70.0,139.9351,0.0,0.0,0.0
ANTONIO PRADO,0.0,142.8571,0.0,0.0,0.0
ARROIO DO MEIO,66.6667,142.8571,0.0,0.0,0.0
ARROIO DO TIGRE,0.0,141.9643,0.0,0.0,0.0
ARROIO GRANDE,58.3333,141.5584,0.0,0.0,0.0
ARVOREZINHA,100.0,142.8571,0.0,0.0,0.0
AUGUSTO PESTANA,100.0,142.8571,0.0,0.0,0.0
BAGÉ,100.0,141.6113,0.0,0.0,0.0
BENTO GONCALVES,0.0,142.8571,0.0,0.0,0.0
CACAPAVA DO SUL,33.3333,142.1833,0.0,0.0,50.0
CACHOEIRA DO SUL,33.3333,141.3265,0.0,0.0,0.0
CACHOEIRINHA,0.0,142.8571,0.0,0.0,0.0
CAMAQUA,0.0,142.8571,0.0,0.0,0.0
CAMPINA DAS MISSOES,62.5,142.8571,0.0,0.0,0.0
CAMPO BOM,0.0,141.7143,0.0,0.0,0.0
CANELA,0.0,140.9179,0.0,0.0,0.0
CANOAS,7.6923,139.8032,0.0,0.0,0.0
CAPAO DA CANOA,0.0,141.0714,0.0,0.0,0.0
CARAZINHO,43.3333,141.0178,0.0,0.0,0.0
CARLOS BARBOSA,50.0,142.8571,0.0,0.0,0.0
CASCA,71.4286,142.8571,0.0,0.0,0.0
CAXIAS DO SUL,50.0,142.8571,0.0,0.0,0.0
CERRO LARGO,0.0,142.314,0.0,0.0,0.0
CONSTANTINA,75.0,142.0849,0.0,0.0,0.0
CORONEL BICACO,50.0,142.8571,0.0,0.0,0.0
CRISSIUMAL,37.5,141.6465,0.0,0.0,0.0
CRUZ ALTA,100.0,142.8571,0.0,0.0,0.0
DOIS IRMAOS,0.0,142.8571,0.0,0.0,0.0
DOM PEDRITO,25.0,142.8571,0.0,0.0,0.0
ENCANTADO,0.0,142.8571,0.0,0.0,0.0
ENCRUZILHADA DO SUL,12.5,142.8571,0.0,0.0,0.0
ERECHIM,56.5217,142.8571,0.0,0.0,0.0
ESPUMOSO,350.0,142.8571,0.0,0.0,50.0
ESTANCIA VELHA,100.0,140.9524,0.0,0.0,0.0
ESTEIO,0.0,142.8571,0.0,0.0,0.0
ESTRELA,0.0,142.8571,0.0,0.0,0.0
FAXINAL DO SOTURNO,100.0,142.8571,0.0,0.0,0.0
FELIZ,81.8182,142.05,0.0,0.0,0.0
FREDERICO WESTPHALEN,57.1429,141.7411,0.0,0.0,0.0
GARIBALDI,0.0,142.8571,0.0,0.0,0.0
GAURAMA,0.0,142.8571,0.0,0.0,0.0
GETULIO VARGAS,100.0,142.8571,0.0,0.0,0.0
GIRUA,0.0,142.8571,0.0,0.0,0.0
GRAVATAI,8.0,142.0807,0.0,0.0,0.0
GUAIBA,64.2857,142.162,0.0,0.0,0.0
GUAPORE,100.0,142.8571,0.0,0.0,100.0
HORIZONTINA,100.0,142.8571,0.0,0.0,0.0
IBIRUBA,0.0,140.8163,0.0,0.0,0.0
IGREJINHA,150.0,142.8571,0.0,0.0,0.0
IJUI,48.5714,139.6684,0.0,0.0,0.0
ITAQUI,0.0,142.8571,0.0,0.0,0.0
JAGUARAO,66.6667,140.9266,0.0,0.0,0.0
JAGUARI,0.0,142.8571,0.0,0.0,0.0
JULIO DE CASTILHOS,0.0,142.8571,0.0,0.0,0.0
LAGOA VERMELHA,55.5556,142.8571,0.0,0.0,0.0
LAJEADO,50.0,142.8571,0.0,0.0,0.0
MARAU,25.0,142.8571,0.0,0.0,0.0
MONTENEGRO,0.0,142.8571,0.0,0.0,0.0
MOSTARDAS,50.0,136.9048,0.0,0.0,0.0
NAO-ME-TOQUE,28.5714,141.8067,0.0,0.0,0.0
NONOAI,66.6667,139.4558,0.0,0.0,0.0
NOVA PETROPOLIS,33.3333,142.8571,0.0,0.0,0.0
NOVA PRATA,166.6667,142.8571,0.0,0.0,0.0
NOVO HAMBURGO,28.5714,142.8571,0.0,0.0,0.0
OSORIO,11.1111,133.7143,0.0,0.0,11.1111
PALMARES DO SUL,0.0,142.8571,0.0,0.0,0.0
PALMEIRA DAS MISSOES,38.4615,138.9163,100.0,0.0,0.0
PANAMBI,0.0,142.1569,0.0,0.0,0.0
PASSO FUNDO,46.6667,142.3628,0.0,0.0,0.0
PELOTAS,95.4545,141.252,0.0,0.0,0.0
PINHEIRO MACHADO,66.6667,142.8571,0.0,0.0,0.0
PIRATINI,50.0,126.7281,0.0,0.0,0.0
PLANALTO,0.0,142.8571,0.0,0.0,0.0
PORTO ALEGRE,107.1429,136.043,0.0,0.0,1.3889
QUARAI,0.0,142.8571,0.0,0.0,0.0
RESTINGA SECA,0.0,142.8571,0.0,0.0,0.0
RIO GRANDE,0.0,142.3319,0.0,0.0,0.0
RIO PARDO,100.0,142.8571,0.0,0.0,0.0
RODEIO BONITO,33.3333,142.8571,0.0,0.0,0.0
ROSARIO DO SUL,25.0,142.8571,0.0,0.0,0.0
SANANDUVA,0.0,71.4286,0.0,0.0,0.0
SANTA CRUZ DO SUL,500.0,142.8571,0.0,0.0,0.0
SANTA ROSA,25.0,134.6604,0.0,0.0,0.0
SANTA VITORIA DO PALMAR,0.0,142.8571,0.0,0.0,0.0
SANTANA DO LIVRAMENTO,100.0,142.8571,0.0,0.0,0.0
SANTIAGO,0.0,142.8571,0.0,0.0,0.0
SANTO ANGELO,0.0,142.8571,0.0,0.0,0.0
SANTO ANTONIO DA PATRULHA,20.0,142.8571,0.0,0.0,0.0
SANTO ANTONIO DAS MISSOES,0.0,142.8571,0.0,0.0,0.0
SANTO AUGUSTO,0.0,142.0973,0.0,0.0,0.0
SANTO CRISTO,100.0,142.8571,0.0,0.0,0.0
SAO BORJA,75.0,141.0256,0.0,0.0,0.0
SAO FRANCISCO DE ASSIS,0.0,135.3383,0.0,0.0,0.0
SAO FRANCISCO DE PAULA,200.0,140.1617,0.0,0.0,0.0
SAO GABRIEL,125.0,142.0635,0.0,0.0,0.0
SAO JERONIMO,200.0,142.8571,0.0,0.0,0.0
SAO JOSE DO NORTE,20.0,142.8571,0.0,0.0,0.0
SAO JOSE DO OURO,50.0,142.8571,0.0,0.0,0.0
SAO LEOPOLDO,0.0,139.9116,0.0,0.0,0.0
SAO LOURENCO DO SUL,37.5,136.646,0.0,0.0,0.0
SAO LUIZ GONZAGA,100.0,142.8571,0.0,0.0,0.0
SAO PEDRO DO SUL,40.0,142.8571,0.0,0.0,0.0
SAO SEBASTIAO DO CAI,75.0,142.4973,0.0,0.0,0.0
SAO SEPE,83.3333,142.8571,0.0,0.0,50.0
SAO VALENTIM,0.0,142.8571,0.0,0.0,0.0
SAO VICENTE DO SUL,60.0,139.1466,0.0,0.0,0.0
SAPIRANGA,77.7778,142.8571,0.0,0.0,0.0
SAPUCAIA DO SUL,16.6667,141.9048,0.0,0.0,0.0
SEBERI,0.0,142.8571,0.0,0.0,0.0
TAPEJARA,0.0,142.8571,0.0,0.0,0.0
TAPES,91.6667,142.8571,0.0,0.0,0.0
TAQUARA,25.0,141.6335,0.0,0.0,0.0
TAQUARI,33.3333,142.8571,0.0,0.0,0.0
TENENTE PORTELA,20.0,122.9814,0.0,0.0,0.0
TORRES,77.7778,142.8571,0.0,0.0,0.0
TRAMANDAI,61.4035,113.2075,0.0,0.0,0.0
TRES DE MAIO,14.2857,130.9524,0.0,0.0,33.3333
TRES PASSOS,33.3333,142.8571,0.0,0.0,0.0
TRIUNFO,0.0,142.8571,0.0,0.0,0.0
TUPANCIRETA,50.0,142.8571,0.0,0.0,0.0
URUGUAIANA,37.5,142.0679,0.0,0.0,0.0
VACARIA,15.3846,141.136,0.0,0.0,0.0
VENANCIO AIRES,0.0,142.8571,0.0,0.0,0.0
VERANOPOLIS,100.0,134.4538,0.0,0.0,0.0
VIAMAO,4.5455,141.6499,0.0,0.0,0.0
BARRA DO RIBEIRO,25.0,142.8571,0.0,0.0,0.0
BUTIA,0.0,0.0,0.0,0.0,0.0
CANDELARIA,200.0,142.8571,0.0,0.0,0.0
CANGUCU,33.3333,142.8571,0.0,0.0,0.0
FARROUPILHA,0.0,142.8571,0.0,0.0,0.0
FLORES DA CUNHA,0.0,142.8571,0.0,0.0,0.0
PEDRO OSORIO,0.0,142.8571,0.0,0.0,0.0
SAO MARCOS,0.0,142.8571,0.0,0.0,0.0
TEUTONIA,0.0,142.8571,0.0,0.0,0.0
ABELARDO LUZ,0.0,142.1703,0.0,0.0,0.0
ANITA GARIBALDI,50.0,142.0591,0.0,0.0,0.0
ARARANGUA,0.0,142.2544,0.0,0.0,0.0
BALNEARIO CAMBORIU,8.3333,141.5957,0.0,0.0,0.0
BALNEÁRIO PIÇARRAS,0.0,142.5608,0.0,0.0,0.0
BIGUACU,100.0,142.8571,0.0,0.0,0.0
BLUMENAU,0.0,142.8571,0.0,0.0,0.0
BOM RETIRO,0.0,142.8571,0.0,0.0,0.0
BRACO DO NORTE,77.7778,142.8571,0.0,0.0,0.0
BRUSQUE,15.3846,142.8571,0.0,0.0,0.0
CACADOR,0.0,142.3948,0.0,0.0,0.0
CAMPO ERE,0.0,142.2018,0.0,0.0,0.0
CAMPOS NOVOS,18.1818,142.8571,0.0,0.0,0.0
CANOINHAS,0.0,142.8571,0.0,0.0,0.0
CAPINZAL,88.0,142.8571,0.0,0.0,0.0
CHAPECO,31.25,142.0807,0.0,0.0,0.0
CONCORDIA,0.0,142.8571,0.0,0.0,0.0
CRICIUMA,50.0,141.6862,0.0,0.0,0.0
CURITIBANOS,0.0,142.8571,0.0,0.0,0.0
DIONISIO CERQUEIRA,0.0,142.8571,0.0,0.0,0.0
FLORIANOPOLIS,61.2245,102.0225,0.0,20.0,8.1633
FRAIBURGO,0.0,142.8571,0.0,0.0,0.0
GASPAR,40.0,142.8571,0.0,0.0,0.0
GUARAMIRIM,0.0,142.8571,0.0,0.0,0.0
IBIRAMA,100.0,142.8571,0.0,0.0,0.0
ICARA,33.3333,142.8571,0.0,0.0,0.0
IMBITUBA,34.7826,142.2619,0.0,0.0,0.0
INDAIAL,0.0,142.2222,0.0,0.0,0.0
ITAIOPOLIS,0.0,126.9841,0.0,0.0,0.0
ITAJAI,0.0,142.8571,0.0,0.0,0.0
ITAPEMA,0.0,142.8571,0.0,0.0,0.0
ITUPORANGA,0.0,142.8571,0.0,0.0,0.0
JARAGUA DO SUL,0.0,142.8571,0.0,0.0,0.0
JOACABA,0.0,142.4918,0.0,0.0,0.0
JOINVILLE,0.0,141.5555,0.0,0.0,0.0
LAGES,50.0,142.8571,0.0,0.0,0.0
LAGUNA,0.0,142.8571,0.0,0.0,0.0
MAFRA,50.0,139.0977,0.0,0.0,0.0
MODELO,0.0,142.8571,0.0,0.0,0.0
NAVEGANTES,0.0,142.8571,0.0,0.0,0.0
ORLEANS,0.0,138.8889,0.0,0.0,0.0
PALHOCA,20.0,142.33,0.0,0.0,0.0
PALMITOS,100.0,142.8571,0.0,0.0,0.0
PAPANDUVA,100.0,142.8571,0.0,0.0,0.0
PINHALZINHO,0.0,142.8571,0.0,0.0,0.0
POMERODE,0.0,142.8571,0.0,0.0,0.0
PONTE SERRADA,0.0,142.8571,0.0,0.0,0.0
PORTO UNIAO,0.0,142.8571,0.0,0.0,0.0
QUILOMBO,42.8571,142.8571,0.0,0.0,0.0
RIO DO SUL,2.2222,140.9396,0.0,0.0,0.0
RIO NEGRINHO,0.0,142.8571,0.0,0.0,0.0
SANTA CECILIA,54.5455,138.5836,0.0,0.0,0.0
SANTO AMARO DA IMPERATRIZ,61.5385,142.8571,0.0,0.0,0.0
SAO BENTO DO SUL,0.0,141.9753,0.0,0.0,0.0
SAO CARLOS,500.0,142.8571,0.0,0.0,44.4444
SAO FRANCISCO DO SUL,7.6923,142.8571,0.0,0.0,0.0
SAO JOAQUIM,0.0,142.8571,0.0,0.0,0.0
SAO JOSE,66.6667,141.9414,0.0,0.0,0.0
SAO LOURENCO DO OESTE,0.0,142.8571,0.0,0.0,0.0
SAO MIGUEL DO OESTE,0.0,142.8571,0.0,0.0,0.0
SEARA,100.0,142.8571,0.0,0.0,0.0
SOMBRIO,205.2632,137.5415,0.0,0.0,0.0
TAIO,0.0,142.8571,0.0,0.0,0.0
TIJUCAS,50.0,142.8571,0.0,0.0,0.0
TIMBO,0.0,142.8571,0.0,0.0,0.0
TROMBUDO CENTRAL,0.0,142.8571,0.0,0.0,0.0
TUBARAO,46.1538,142.8571,0.0,0.0,0.0
TURVO,0.0,142.8571,0.0,0.0,0.0
URUSSANGA,66.6667,142.8571,0.0,0.0,0.0
VIDEIRA,0.0,142.8571,0.0,0.0,0.0
XANXERE,16.6667,142.8571,0.0,0.0,0.0
XAXIM,0.0,142.8571,0.0,0.0,0.0
IMARUI,0.0,142.8571,0.0,0.0,0.0
AQUIDABA,225.0,118.7608,0.0,0.0,0.0
ARACAJU,49.0566,137.4341,0.0,0.0,0.0
BOQUIM,0.0,141.8144,0.0,0.0,0.0
CAMPO DO BRITO,0.0,138.5281,0.0,0.0,0.0
CANINDE DE SAO FRANCISCO,16.6667,137.0656,0.0,0.0,0.0
CAPELA,0.0,140.5152,0.0,0.0,0.0
CARIRA,0.0,142.8571,0.0,0.0,0.0
CRISTINAPOLIS,116.6667,136.6213,0.0,0.0,100.0
ESTANCIA,16.6667,140.9524,0.0,0.0,0.0
GARARU,0.0,139.1941,0.0,0.0,0.0
ITAPORANGA D AJUDA,40.0,142.2107,0.0,0.0,0.0
JAPARATUBA,0.0,140.553,0.0,0.0,0.0
LAGARTO,0.0,140.1274,0.0,0.0,0.0
LARANJEIRAS,100.0,141.4497,0.0,0.0,0.0
MARUIM,100.0,140.4762,0.0,0.0,0.0
NEOPOLIS,0.0,138.9072,0.0,0.0,0.0
NOSSA SENHORA DA GLORIA,0.0,142.8571,0.0,0.0,0.0
NOSSA SENHORA DAS DORES,65.0,138.0633,0.0,0.0,100.0
NOSSA SENHORA DO SOCORRO,0.0,141.574,0.0,0.0,0.0
PORTO DA FOLHA,26.6667,138.484,0.0,0.0,0.0
PROPRIA,0.0,142.8571,0.0,0.0,0.0
RIBEIROPOLIS,0.0,141.7143,0.0,0.0,100.0
SAO CRISTOVAO,100.0,142.8571,0.0,0.0,0.0
SIMAO DIAS,35.7143,140.7867,0.0,0.0,0.0
TOBIAS BARRETO,0.0,128.5714,0.0,0.0,0.0
UMBAUBA,7.1429,141.5584,0.0,0.0,33.3333
ADAMANTINA,75.0,142.8571,0.0,0.0,0.0
AGUDOS,0.0,142.8571,0.0,0.0,0.0
ALTINÓPOLIS,100.0,86.1345,0.0,0.0,0.0
AMERICANA,500.0,142.8571,0.0,0.0,53.8462
AMERICO BRASILIENSE,0.0,141.882,0.0,0.0,0.0
AMPARO,100.0,142.8571,0.0,0.0,0.0
ANDRADINA,92.3077,142.8571,0.0,0.0,50.0
ANGATUBA,0.0,142.4162,0.0,0.0,0.0
APARECIDA,100.0,142.8571,0.0,0.0,0.0
APIAI,160.4167,128.4195,0.0,0.0,0.0
ARACATUBA,66.6667,142.8571,0.0,0.0,0.0
ARARAQUARA,100.0,142.2194,0.0,0.0,0.0
ARARAS,20.8333,134.0076,0.0,0.0,0.0
ARUJA,112.0,128.0148,0.0,0.0,25.0
ASSIS,37.5,142.8571,0.0,0.0,0.0
ATIBAIA,75.0,142.8571,0.0,0.0,100.0
AURIFLAMA,200.0,142.8571,0.0,0.0,0.0
AVARE,116.6667,142.8571,0.0,0.0,100.0
BANANAL,0.0,142.8571,0.0,0.0,0.0
BARRA BONITA,1400.0,142.8571,0.0,0.0,100.0
BARRETOS,100.0,142.8571,0.0,0.0,0.0
BARUERI,55.5556,141.5094,0.0,0.0,0.0
BATATAIS,50.0,142.8571,0.0,0.0,0.0
BAURU,80.0,142.5479,0.0,0.0,66.6667
BEBEDOURO,11.1111,142.8571,0.0,0.0,0.0
BILAC,0.0,142.8571,0.0,0.0,0.0
BIRIGUI,66.6667,141.8294,0.0,0.0,33.3333
BOITUVA,106.6667,142.8571,0.0,0.0,0.0
BOTUCATU,0.0,142.8571,0.0,0.0,0.0
BRAGANCA PAULISTA,71.4286,142.3645,0.0,0.0,50.0
BROTAS,0.0,142.8571,0.0,0.0,0.0
BURITAMA,215.3846,142.8571,0.0,0.0,0.0
CACAPAVA,450.0,142.8571,0.0,0.0,100.0
CACHOEIRA PAULISTA,0.0,142.8571,0.0,0.0,0.0
CACONDE,117.3913,139.8176,0.0,0.0,0.0
CAFELANDIA,86.2069,102.551,0.0,0.0,60.0
CAJAMAR,0.0,95.2381,0.0,0.0,0.0
CAJURU,0.0,142.8571,0.0,0.0,0.0
CAMPINAS,196.1538,107.4082,0.0,0.0,9.0909
CAMPO LIMPO PAULISTA,0.0,142.1769,0.0,0.0,0.0
CAMPOS DO JORDAO,1000.0,142.8571,0.0,0.0,100.0
CANANEIA,0.0,142.8571,0.0,0.0,0.0
CANDIDO MOTA,0.0,142.8571,0.0,0.0,0.0
CAPAO BONITO,12.5,142.8571,0.0,0.0,0.0
CAPIVARI,31.8182,142.3098,0.0,0.0,0.0
CARAGUATATUBA,0.0,142.8571,0.0,0.0,0.0
CARAPICUIBA,13.3333,138.6417,0.0,0.0,0.0
CARDOSO,20.6897,141.9079,0.0,0.0,0.0
CASA BRANCA,33.3333,142.3745,0.0,0.0,0.0
CATANDUVA,120.0,142.8571,0.0,0.0,0.0
CERQUEIRA CESAR,260.0,142.8571,0.0,0.0,0.0
CERQUILHO,0.0,142.8571,0.0,0.0,0.0
CONCHAS,0.0,142.8571,0.0,0.0,0.0
CORDEIROPOLIS,75.0,142.8571,0.0,0.0,0.0
COSMOPOLIS,200.0,142.8571,0.0,0.0,0.0
COTIA,80.0,140.7066,0.0,0.0,100.0
CUBATAO,50.0,132.9849,0.0,0.0,0.0
CUNHA,0.0,141.4835,0.0,0.0,0.0
DIADEMA,88.2353,141.2873,50.0,0.0,16.6667
DOIS CORREGOS,121.4286,127.2636,0.0,0.0,0.0
DRACENA,0.0,142.8571,0.0,0.0,0.0
DUARTINA,200.0,142.8571,0.0,0.0,0.0
EMBU DAS ARTES,66.6667,133.1868,0.0,0.0,0.0
EMBU-GUAÇU,25.0,120.0,0.0,0.0,0.0
ESPIRITO SANTO DO PINHAL,100.0,142.8571,0.0,0.0,0.0
ESTRELA D OESTE,0.0,142.8571,0.0,0.0,0.0
FARTURA,35.7143,142.8571,0.0,0.0,0.0
FERNANDOPOLIS,0.0,142.1356,0.0,0.0,0.0
FERRAZ DE VASCONCELOS,33.3333,142.8571,0.0,0.0,0.0
FRANCA,62.5,142.5829,0.0,0.0,0.0
FRANCISCO MORATO,20.0,142.0168,0.0,0.0,0.0
FRANCO DA ROCHA,100.0,142.316,0.0,0.0,50.0
GARCA,76.087,138.5571,0.0,0.0,0.0
GUARATINGUETA,0.0,142.8571,0.0,0.0,0.0
GUARUJA,164.2857,125.7724,0.0,0.0,0.0
GUARULHOS,235.2941,134.7548,0.0,0.0,38.0952
HORTOLANDIA,33.3333,139.4826,50.0,0.0,0.0
IBITINGA,200.0,142.8571,0.0,0.0,100.0
IBIUNA,212.5,136.8379,0.0,0.0,0.0
IGARAPAVA,83.3333,129.5361,0.0,0.0,100.0
IGUAPE,59.2593,132.1307,0.0,0.0,0.0
ILHA SOLTEIRA,0.0,142.8571,0.0,0.0,0.0
INDAIATUBA,87.5,142.8571,0.0,0.0,0.0
ITANHAEM,38.8889,142.521,0.0,0.0,83.3333
ITAPECERICA DA SERRA,200.0,142.0946,0.0,0.0,0.0
ITAPETININGA,250.0,142.8571,0.0,0.0,0.0
ITAPEVA,18.0,142.5765,0.0,0.0,0.0
ITAPEVI,33.3333,137.7184,0.0,0.0,14.2857
ITAPIRA,20.0,142.8571,0.0,0.0,0.0
ITAPOLIS,0.0,142.8571,0.0,0.0,0.0
ITAQUAQUECETUBA,33.3333,142.8571,0.0,0.0,0.0
ITARARE,0.0,142.8571,0.0,0.0,0.0
ITATIBA,20.0,140.6308,0.0,0.0,0.0
ITU,12.5,142.5499,0.0,0.0,0.0
ITUVERAVA,100.0,142.8571,0.0,0.0,100.0
JABOTICABAL,36.8421,142.5129,0.0,0.0,0.0
JACAREI,19.0476,134.6055,0.0,0.0,0.0
JACUPIRANGA,74.1935,142.8571,0.0,0.0,100.0
JALES,14.2857,142.4679,0.0,0.0,0.0
JANDIRA,186.3636,140.6844,0.0,0.0,0.0
JARDINOPOLIS,0.0,142.8571,0.0,0.0,0.0
JAU,0.0,142.2764,0.0,0.0,0.0
JOSE BONIFACIO,71.4286,140.3834,0.0,0.0,0.0
JUNDIAI,80.0,142.8571,0.0,0.0,23.5294
JUNQUEIROPOLIS,0.0,142.8571,0.0,0.0,0.0
JUQUIA,0.0,142.8571,0.0,0.0,0.0
LEME,25.0,142.8571,0.0,0.0,0.0
LENCOIS PAULISTA,72.0,136.4922,0.0,0.0,100.0
LIMEIRA,100.0,131.8681,0.0,0.0,0.0
LINS,100.0,142.8571,0.0,0.0,0.0
LUCELIA,0.0,142.8571,0.0,0.0,100.0
MAIRIPORA,0.0,142.8571,0.0,0.0,100.0
MARILIA,500.0,140.0,0.0,0.0,6.25
MARTINOPOLIS,31.4286,141.4966,0.0,0.0,0.0
MATAO,100.0,142.8571,0.0,0.0,0.0
MAUA,50.0,139.6904,0.0,0.0,7.6923
MIGUELOPOLIS,33.3333,141.4835,0.0,0.0,0.0
MIRACATU,0.0,142.8571,0.0,0.0,0.0
MIRASSOL,0.0,138.0459,0.0,0.0,0.0
MOCOCA,110.0,141.3994,0.0,0.0,0.0
MOGI DAS CRUZES,116.6667,142.2194,0.0,0.0,25.0
MOGI GUAÇU,50.0,142.8571,0.0,0.0,0.0
MOJI MIRIM,17.1429,142.8571,0.0,0.0,0.0
MONTE ALTO,33.3333,142.8571,0.0,0.0,0.0
MONTE APRAZIVEL,200.0,142.8571,0.0,0.0,0.0
MONTE AZUL PAULISTA,0.0,142.8571,0.0,0.0,0.0
MONTE MOR,0.0,142.0455,0.0,0.0,0.0
MORRO AGUDO,0.0,142.8571,0.0,0.0,0.0
NHANDEARA,200.0,142.8571,0.0,0.0,0.0
NOVA GRANADA,16.6667,142.8571,0.0,0.0,0.0
NOVA ODESSA,50.0,142.8571,0.0,0.0,0.0
NOVO HORIZONTE,200.0,142.8571,0.0,0.0,0.0
OLIMPIA,50.0,141.844,0.0,0.0,0.0
ORLANDIA,40.0,142.8571,0.0,0.0,0.0
OSASCO,28.5714,125.78,0.0,0.0,0.0
OSVALDO CRUZ,50.0,142.8571,0.0,0.0,0.0
OURINHOS,68.0,88.137,50.0,0.0,0.0
PALMEIRA D OESTE,200.0,142.8571,0.0,0.0,0.0
PARAGUACU PAULISTA,0.0,142.8571,0.0,0.0,0.0
PARAIBUNA,0.0,142.8571,0.0,0.0,0.0
PAULINIA,58.3333,132.4405,0.0,0.0,0.0
PAULO DE FARIA,0.0,142.8571,0.0,0.0,0.0
PEDERNEIRAS,50.0,142.8571,0.0,0.0,0.0
PEDREGULHO,100.0,117.4714,0.0,0.0,0.0
PEDREIRA,0.0,142.8571,0.0,0.0,100.0
PENAPOLIS,57.1429,142.8571,0.0,0.0,66.6667
PEREIRA BARRETO,125.0,142.33,0.0,0.0,100.0
PERUIBE,0.0,122.449,0.0,0.0,0.0
PIEDADE,100.0,142.8571,0.0,0.0,0.0
PINDAMONHANGABA,65.3846,122.3739,0.0,0.0,0.0
PIRACAIA,22.2222,142.8571,0.0,0.0,0.0
PIRACICABA,26.3158,138.6094,0.0,0.0,0.0
PIRAJU,150.0,142.8571,0.0,0.0,0.0
PIRAJUI,7.6923,127.2321,0.0,0.0,0.0
PIRAPOZINHO,236.3636,142.8571,0.0,0.0,0.0
PIRASSUNUNGA,0.0,142.8571,0.0,0.0,0.0
PITANGUEIRAS,20.0,125.2747,0.0,0.0,0.0
POA,64.2857,142.8571,0.0,0.0,0.0
POMPEIA,200.0,142.8571,0.0,0.0,100.0
PORTO FELIZ,0.0,142.8571,0.0,0.0,0.0
PRAIA GRANDE,1200.0,142.8571,0.0,0.0,62.5
PRESIDENTE BERNARDES,50.0,142.8571,0.0,0.0,0.0
PRESIDENTE EPITACIO,125.0,133.3333,0.0,0.0,100.0
PRESIDENTE PRUDENTE,103.3333,141.3844,0.0,0.0,0.0
PRESIDENTE VENCESLAU,100.0,142.8571,0.0,0.0,0.0
PROMISSAO,0.0,119.0476,0.0,0.0,0.0
RANCHARIA,175.0,142.8571,0.0,0.0,0.0
REGENTE FEIJO,0.0,142.8571,0.0,0.0,0.0
REGISTRO,85.7143,141.8951,0.0,0.0,0.0
RIBEIRAO BONITO,21.4286,142.8571,0.0,0.0,0.0
RIBEIRAO PIRES,61.5385,142.8571,0.0,0.0,0.0
RIBEIRAO PRETO,109.0909,141.7411,0.0,0.0,43.75
SANTA ADELIA,0.0,142.8571,0.0,0.0,0.0
SANTA BARBARA D OESTE,0.0,142.8571,0.0,0.0,33.3333
SANTA CRUZ DO RIO PARDO,123.0769,142.4955,0.0,0.0,0.0
SANTA FE DO SUL,100.0,142.3662,0.0,0.0,0.0
SANTA ISABEL,72.7273,142.3377,0.0,0.0,0.0
SANTA RITA DO PASSA QUATRO,5.0,142.8571,0.0,0.0,0.0
SANTANA DE PARNAIBA,100.0,142.8571,0.0,0.0,33.3333
SANTO ANASTACIO,44.0,115.3274,0.0,0.0,0.0
SANTO ANDRE,76.1905,141.9511,0.0,0.0,21.0526
SANTOS,50.0,142.2644,0.0,0.0,16.6667
SAO BERNARDO DO CAMPO,25.9259,134.4165,0.0,0.0,11.1111
SAO CAETANO DO SUL,130.0,141.6957,0.0,0.0,57.1429
SAO JOAO DA BOA VISTA,100.0,142.8571,0.0,0.0,50.0
SAO JOAQUIM DA BARRA,50.0,142.8571,0.0,0.0,0.0
SAO JOSE DO RIO PARDO,70.5882,133.5979,0.0,0.0,0.0
SAO JOSE DO RIO PRETO,65.9574,140.8591,0.0,0.0,25.0
SAO JOSE DOS CAMPOS,36.3636,142.0168,0.0,0.0,25.0
SAO LUIS DO PARAITINGA,24.1379,142.288,0.0,0.0,0.0
SAO MANUEL,0.0,142.8571,0.0,0.0,0.0
SAO MIGUEL ARCANJO,26.9231,112.4822,0.0,0.0,0.0
SAO PAULO,142.5101,110.6417,0.0,0.0,19.8083
SAO PEDRO,5.4054,140.8016,0.0,0.0,0.0
SAO ROQUE,225.0,142.2501,100.0,0.0,100.0
SAO SIMAO,30.303,142.8571,0.0,0.0,0.0
SAO VICENTE,113.3333,138.2735,0.0,0.0,0.0
SERRA NEGRA,90.9091,142.8571,0.0,0.0,0.0
SERRANA,0.0,141.8581,0.0,0.0,0.0
SERTAOZINHO,200.0,142.0546,0.0,0.0,0.0
SOCORRO,200.0,142.8571,0.0,0.0,0.0
SOROCABA,67.8571,142.2387,0.0,0.0,22.2222
SUMARE,42.8571,142.2374,0.0,0.0,12.5
SUZANO,60.0,142.8571,0.0,0.0,0.0
TABOAO DA SERRA,58.3333,140.7121,0.0,0.0,0.0
TANABI,65.2174,142.1603,0.0,0.0,0.0
TAQUARITINGA,66.6667,142.8571,0.0,0.0,0.0
TAQUARITUBA,22.2222,142.8571,0.0,0.0,0.0
TATUI,125.0,142.8571,0.0,0.0,57.1429
TAUBATE,400.0,136.9863,0.0,0.0,0.0
TEODORO SAMPAIO,300.0,133.9713,0.0,0.0,0.0
TIETE,60.0,142.8571,0.0,0.0,0.0
TREMEMBE,100.0,142.8571,0.0,0.0,0.0
TUPI PAULISTA,0.0,142.4189,0.0,0.0,0.0
TUPÃ,100.0,142.8571,0.0,0.0,11.1111
UBATUBA,0.0,141.522,0.0,0.0,50.0
URUPES,25.0,142.8571,0.0,0.0,100.0
VALINHOS,0.0,141.5584,0.0,0.0,9.0909
VALPARAISO,0.0,142.8571,0.0,0.0,0.0
VARGEM GRANDE DO SUL,37.5,142.8571,0.0,0.0,0.0
VARZEA PAULISTA,0.0,142.8571,0.0,0.0,0.0
VINHEDO,100.0,142.8571,0.0,0.0,0.0
VOTORANTIM,7.1429,142.1499,0.0,0.0,0.0
VOTUPORANGA,80.6452,142.5339,0.0,0.0,0.0
BARIRI,4.1667,62.6566,0.0,0.0,0.0
COLINA,100.0,142.8571,0.0,0.0,0.0
DESCALVADO,0.0,142.8571,0.0,0.0,0.0
GUARARAPES,325.0,142.8571,0.0,0.0,0.0
GUARIBA,0.0,142.8571,0.0,0.0,0.0
LORENA,97.3684,142.4955,0.0,0.0,0.0
MIRANDOPOLIS,0.0,141.321,0.0,0.0,0.0
PORTO FERREIRA,12.5,142.8571,0.0,0.0,0.0
SALTO,50.0,141.5344,0.0,0.0,0.0
SANTA BRANCA,50.0,142.8571,0.0,0.0,0.0
ARAGUAINA,85.7143,142.1865,0.0,0.0,0.0
ARAGUATINS,100.0,142.8571,0.0,0.0,0.0
ARAPOEMA,50.0,141.522,0.0,0.0,0.0
ARRAIAS,0.0,142.8571,0.0,0.0,0.0
AUGUSTINOPOLIS,100.0,142.8571,0.0,0.0,0.0
COLINAS DO TOCANTINS,0.0,142.8571,0.0,0.0,0.0
COLMEIA,300.0,138.9432,0.0,0.0,0.0
CRISTALANDIA,0.0,141.8067,0.0,0.0,0.0
DIANOPOLIS,0.0,141.6862,0.0,0.0,0.0
FILADELFIA,0.0,142.8571,0.0,0.0,0.0
FORMOSO DO ARAGUAIA,0.0,138.3363,0.0,0.0,0.0
GOIATINS,0.0,141.6465,0.0,0.0,0.0
GUARAI,0.0,138.9432,0.0,0.0,0.0
GURUPI,0.0,142.8571,0.0,0.0,0.0
ITACAJA,0.0,142.8571,0.0,0.0,0.0
ITAGUATINS,4.3478,142.1053,0.0,0.0,0.0
MIRACEMA DO TOCANTINS,75.0,138.58,0.0,0.0,0.0
MIRANORTE,0.0,142.328,0.0,0.0,0.0
NOVO ACORDO,100.0,140.6337,0.0,0.0,100.0
PARAISO DO TOCANTINS,84.6154,141.9726,0.0,0.0,0.0
PARANA,0.0,142.8571,0.0,0.0,0.0
PEDRO AFONSO,0.0,142.8571,0.0,0.0,0.0
PEIXE,100.0,142.8571,0.0,0.0,0.0
PONTE ALTA DO TOCANTINS,0.0,142.8571,0.0,0.0,0.0
PORTO NACIONAL,75.0,142.2492,0.0,0.0,0.0
TOCANTINOPOLIS,100.0,142.8571,0.0,0.0,0.0
WANDERLANDIA,0.0,142.0455,0.0,0.0,0.0
XAMBIOA,150.0,142.8571,0.0,0.0,0.0
